RECORD_ID,SOURCE,TITLE,URL,PUBLISHED_DATE,DESCRIPTION,EXTRACTED_TEXT_SNIPPET,CURRENT_RELEVANCE_RESULT,CURRENT_NEGATIVE_RESULT,CURRENT_GEO_RESULT,CURRENT_CITY,CURRENT_FINAL_STATE,TASK16_TRIAGE,TRIAGE_REASON,SELECTION_REASON,HUMAN_LABEL,HUMAN_CITY,HUMAN_REASON,HUMAN_NOTES
task17-001,https://realty.economictimes.indiatimes.com/rss/technology,DDA launches digital map for areas planned under Master Plan for Delhi 2047,https://realty.economictimes.indiatimes.com/news/technology/dda-launches-digital-map-for-areas-planned-under-master-plan-for-delhi-2047/134577474,2026-09-30T02:12:14.000Z,Login Get App News RegulatoryCommercialCementTechnologyIndustryResidentialInfrastructureRERAHousing FinanceAllied IndustriesView all News Exclusives Leaders Speak Events Awards Webinars Brand Solutions More Newsletters MasterClasses About Us Contact Us Advertise With Us Search Regulatory Industry RERA Commercial Reside,"Login Get App News RegulatoryCommercialCementTechnologyIndustryResidentialInfrastructureRERAHousing FinanceAllied IndustriesView all News Exclusives Leaders Speak Events Awards Webinars Brand Solutions More Newsletters MasterClasses About Us Contact Us Advertise With Us Search Regulatory Industry RERA Commercial Residential ETRealty TV Housing Finance Cities Mumbai Delhi-NCR Bengaluru Chennai Hyderabad Pune Kolkata Gurugram Noida Ahmedabad Navi Mumbai Thane Chandigarh Lucknow Nagpur Nashik Jaipur Coimbatore Indore Thiruvananthapuram Visakhapatnam Ludhiana Bhubaneswar More CementInfrastructureRetailHospitalityInternationalTechnologySmart CityStartupsPaintsLighting Integrated Campaigns Bespoke Events Advertorial Virtual Engagement Videos Digital Branding & Awareness More More var defaultImgUrl = ''; var productPages = ''; var layer2 = document.querySelectorAll('.top-secondary-nav a, .top-secondary-nav span'); let moreElm = document.querySelector('.nav-more-options .nav_column'); layer2ElmWid = 0; if (moreElm && !productPages) { layer2.forEach((curr) => { try { layer2ElmWid += curr.offsetWidth; if (layer2ElmWid >= 750) { moreElm?.append(curr); } } catch (e) {} }); } var portalThemeCol",PASS,PASS,NO_GEO,,NO_GEO,TRUE_VALID_POSITIVE,real-estate signal with readable evidence,RELEVANCE_PASS,,,,
task17-002,https://realty.economictimes.indiatimes.com/rss/cement,Cement capacity set to outpace demand through FY29,https://realty.economictimes.indiatimes.com/news/cement/cement-capacity-set-to-outpace-demand-through-fy29/134577916,2026-09-30T02:38:17.000Z,Login Get App News RegulatoryCommercialCementTechnologyIndustryResidentialInfrastructureRERAHousing FinanceAllied IndustriesView all News Exclusives Leaders Speak Events Awards Webinars Brand Solutions More Newsletters MasterClasses About Us Contact Us Advertise With Us Search Regulatory Industry RERA Commercial Reside,"Login Get App News RegulatoryCommercialCementTechnologyIndustryResidentialInfrastructureRERAHousing FinanceAllied IndustriesView all News Exclusives Leaders Speak Events Awards Webinars Brand Solutions More Newsletters MasterClasses About Us Contact Us Advertise With Us Search Regulatory Industry RERA Commercial Residential ETRealty TV Housing Finance Cities Mumbai Delhi-NCR Bengaluru Chennai Hyderabad Pune Kolkata Gurugram Noida Ahmedabad Navi Mumbai Thane Chandigarh Lucknow Nagpur Nashik Jaipur Coimbatore Indore Thiruvananthapuram Visakhapatnam Ludhiana Bhubaneswar More CementInfrastructureRetailHospitalityInternationalTechnologySmart CityStartupsPaintsLighting Integrated Campaigns Bespoke Events Advertorial Virtual Engagement Videos Digital Branding & Awareness More More var defaultImgUrl = ''; var productPages = ''; var layer2 = document.querySelectorAll('.top-secondary-nav a, .top-secondary-nav span'); let moreElm = document.querySelector('.nav-more-options .nav_column'); layer2ElmWid = 0; if (moreElm && !productPages) { layer2.forEach((curr) => { try { layer2ElmWid += curr.offsetWidth; if (layer2ElmWid >= 750) { moreElm?.append(curr); } } catch (e) {} }); } var portalThemeCol",PASS,PASS,NO_GEO,,NO_GEO,UNCERTAIN,requires human interpretation,RELEVANCE_PASS,,,,
task17-003,https://realty.economictimes.indiatimes.com/rss/cement,JSW Cement approves merger of Shiva Cement; sets 5:41 share-swap ratio,https://realty.economictimes.indiatimes.com/news/cement/jsw-cement-approves-merger-of-shiva-cement-sets-541-share-swap-ratio/134577402,2026-09-30T02:08:50.000Z,Login Get App News RegulatoryCommercialCementTechnologyIndustryResidentialInfrastructureRERAHousing FinanceAllied IndustriesView all News Exclusives Leaders Speak Events Awards Webinars Brand Solutions More Newsletters MasterClasses About Us Contact Us Advertise With Us Search Regulatory Industry RERA Commercial Reside,"Login Get App News RegulatoryCommercialCementTechnologyIndustryResidentialInfrastructureRERAHousing FinanceAllied IndustriesView all News Exclusives Leaders Speak Events Awards Webinars Brand Solutions More Newsletters MasterClasses About Us Contact Us Advertise With Us Search Regulatory Industry RERA Commercial Residential ETRealty TV Housing Finance Cities Mumbai Delhi-NCR Bengaluru Chennai Hyderabad Pune Kolkata Gurugram Noida Ahmedabad Navi Mumbai Thane Chandigarh Lucknow Nagpur Nashik Jaipur Coimbatore Indore Thiruvananthapuram Visakhapatnam Ludhiana Bhubaneswar More CementInfrastructureRetailHospitalityInternationalTechnologySmart CityStartupsPaintsLighting Integrated Campaigns Bespoke Events Advertorial Virtual Engagement Videos Digital Branding & Awareness More More var defaultImgUrl = ''; var productPages = ''; var layer2 = document.querySelectorAll('.top-secondary-nav a, .top-secondary-nav span'); let moreElm = document.querySelector('.nav-more-options .nav_column'); layer2ElmWid = 0; if (moreElm && !productPages) { layer2.forEach((curr) => { try { layer2ElmWid += curr.offsetWidth; if (layer2ElmWid >= 750) { moreElm?.append(curr); } } catch (e) {} }); } var portalThemeCol",PASS,PASS,NO_GEO,,NO_GEO,UNCERTAIN,requires human interpretation,RELEVANCE_PASS,,,,
task17-004,https://realty.economictimes.indiatimes.com/rss/hospitality,"CPP Investments to invest ₹3,000 crore in Prestige Hospitality Ventures for 27% stake",https://realty.economictimes.indiatimes.com/news/hospitality/cpp-investments-to-invest-3000-crore-in-prestige-hospitality-ventures-for-27-stake/134577190,2026-09-30T01:48:20.000Z,Login Get App News RegulatoryCommercialCementTechnologyIndustryResidentialInfrastructureRERAHousing FinanceAllied IndustriesView all News Exclusives Leaders Speak Events Awards Webinars Brand Solutions More Newsletters MasterClasses About Us Contact Us Advertise With Us Search Regulatory Industry RERA Commercial Reside,"Login Get App News RegulatoryCommercialCementTechnologyIndustryResidentialInfrastructureRERAHousing FinanceAllied IndustriesView all News Exclusives Leaders Speak Events Awards Webinars Brand Solutions More Newsletters MasterClasses About Us Contact Us Advertise With Us Search Regulatory Industry RERA Commercial Residential ETRealty TV Housing Finance Cities Mumbai Delhi-NCR Bengaluru Chennai Hyderabad Pune Kolkata Gurugram Noida Ahmedabad Navi Mumbai Thane Chandigarh Lucknow Nagpur Nashik Jaipur Coimbatore Indore Thiruvananthapuram Visakhapatnam Ludhiana Bhubaneswar More CementInfrastructureRetailHospitalityInternationalTechnologySmart CityStartupsPaintsLighting Integrated Campaigns Bespoke Events Advertorial Virtual Engagement Videos Digital Branding & Awareness More More var defaultImgUrl = ''; var productPages = ''; var layer2 = document.querySelectorAll('.top-secondary-nav a, .top-secondary-nav span'); let moreElm = document.querySelector('.nav-more-options .nav_column'); layer2ElmWid = 0; if (moreElm && !productPages) { layer2.forEach((curr) => { try { layer2ElmWid += curr.offsetWidth; if (layer2ElmWid >= 750) { moreElm?.append(curr); } } catch (e) {} }); } var portalThemeCol",PASS,PASS,NO_GEO,,NO_GEO,TRUE_NEGATIVE,OFF_TOPIC,RELEVANCE_PASS,,,,
task17-005,https://realty.economictimes.indiatimes.com/rss/industry,Complete redevelopment in two years from plinth stage: Maharashtra government,https://realty.economictimes.indiatimes.com/news/industry/complete-redevpt-in-two-years-from-plinth-stage-maharashtra-government/134607192,2026-10-01T03:19:25.000Z,Login Get App News RegulatoryCommercialCementTechnologyIndustryResidentialInfrastructureRERAHousing FinanceAllied IndustriesView all News Exclusives Leaders Speak Events Awards Webinars Brand Solutions More Newsletters MasterClasses About Us Contact Us Advertise With Us Search Regulatory Industry RERA Commercial Reside,"Login Get App News RegulatoryCommercialCementTechnologyIndustryResidentialInfrastructureRERAHousing FinanceAllied IndustriesView all News Exclusives Leaders Speak Events Awards Webinars Brand Solutions More Newsletters MasterClasses About Us Contact Us Advertise With Us Search Regulatory Industry RERA Commercial Residential ETRealty TV Housing Finance Cities Mumbai Delhi-NCR Bengaluru Chennai Hyderabad Pune Kolkata Gurugram Noida Ahmedabad Navi Mumbai Thane Chandigarh Lucknow Nagpur Nashik Jaipur Coimbatore Indore Thiruvananthapuram Visakhapatnam Ludhiana Bhubaneswar More CementInfrastructureRetailHospitalityInternationalTechnologySmart CityStartupsPaintsLighting Integrated Campaigns Bespoke Events Advertorial Virtual Engagement Videos Digital Branding & Awareness More More var defaultImgUrl = ''; var productPages = ''; var layer2 = document.querySelectorAll('.top-secondary-nav a, .top-secondary-nav span'); let moreElm = document.querySelector('.nav-more-options .nav_column'); layer2ElmWid = 0; if (moreElm && !productPages) { layer2.forEach((curr) => { try { layer2ElmWid += curr.offsetWidth; if (layer2ElmWid >= 750) { moreElm?.append(curr); } } catch (e) {} }); } var portalThemeCol",PASS,PASS,NO_GEO,,NO_GEO,UNCERTAIN,requires human interpretation,RELEVANCE_PASS,,,,
task17-006,https://realty.economictimes.indiatimes.com/rss/recentstories,Indian design must absorb global influences without losing cultural identity: Sunita Kohli,https://realty.economictimes.indiatimes.com/news/industry/indian-design-must-absorb-global-influences-without-losing-cultural-identity-sunita-kohli/134610503,2026-10-01T06:33:55.000Z,Login Get App News RegulatoryCommercialCementTechnologyIndustryResidentialInfrastructureRERAHousing FinanceAllied IndustriesView all News Exclusives Leaders Speak Events Awards Webinars Brand Solutions More Newsletters MasterClasses About Us Contact Us Advertise With Us Search Regulatory Industry RERA Commercial Reside,"Login Get App News RegulatoryCommercialCementTechnologyIndustryResidentialInfrastructureRERAHousing FinanceAllied IndustriesView all News Exclusives Leaders Speak Events Awards Webinars Brand Solutions More Newsletters MasterClasses About Us Contact Us Advertise With Us Search Regulatory Industry RERA Commercial Residential ETRealty TV Housing Finance Cities Mumbai Delhi-NCR Bengaluru Chennai Hyderabad Pune Kolkata Gurugram Noida Ahmedabad Navi Mumbai Thane Chandigarh Lucknow Nagpur Nashik Jaipur Coimbatore Indore Thiruvananthapuram Visakhapatnam Ludhiana Bhubaneswar More CementInfrastructureRetailHospitalityInternationalTechnologySmart CityStartupsPaintsLighting Integrated Campaigns Bespoke Events Advertorial Virtual Engagement Videos Digital Branding & Awareness More More var defaultImgUrl = ''; var productPages = ''; var layer2 = document.querySelectorAll('.top-secondary-nav a, .top-secondary-nav span'); let moreElm = document.querySelector('.nav-more-options .nav_column'); layer2ElmWid = 0; if (moreElm && !productPages) { layer2.forEach((curr) => { try { layer2ElmWid += curr.offsetWidth; if (layer2ElmWid >= 750) { moreElm?.append(curr); } } catch (e) {} }); } var portalThemeCol",PASS,PASS,NO_GEO,,NO_GEO,UNCERTAIN,requires human interpretation,RELEVANCE_PASS,,,,
task17-007,https://realty.economictimes.indiatimes.com/rss/international,"UK first-time buyer scheme lifts housebuilders, but success hinges on design",https://realty.economictimes.indiatimes.com/news/international/uk-first-time-buyer-scheme-lifts-housebuilders-but-success-hinges-on-design/134555158,2026-09-29T03:29:51.000Z,Login Get App News RegulatoryCommercialCementTechnologyIndustryResidentialInfrastructureRERAHousing FinanceAllied IndustriesView all News Exclusives Leaders Speak Events Awards Webinars Brand Solutions More Newsletters MasterClasses About Us Contact Us Advertise With Us Search Regulatory Industry RERA Commercial Reside,"Login Get App News RegulatoryCommercialCementTechnologyIndustryResidentialInfrastructureRERAHousing FinanceAllied IndustriesView all News Exclusives Leaders Speak Events Awards Webinars Brand Solutions More Newsletters MasterClasses About Us Contact Us Advertise With Us Search Regulatory Industry RERA Commercial Residential ETRealty TV Housing Finance Cities Mumbai Delhi-NCR Bengaluru Chennai Hyderabad Pune Kolkata Gurugram Noida Ahmedabad Navi Mumbai Thane Chandigarh Lucknow Nagpur Nashik Jaipur Coimbatore Indore Thiruvananthapuram Visakhapatnam Ludhiana Bhubaneswar More CementInfrastructureRetailHospitalityInternationalTechnologySmart CityStartupsPaintsLighting Integrated Campaigns Bespoke Events Advertorial Virtual Engagement Videos Digital Branding & Awareness More More var defaultImgUrl = ''; var productPages = ''; var layer2 = document.querySelectorAll('.top-secondary-nav a, .top-secondary-nav span'); let moreElm = document.querySelector('.nav-more-options .nav_column'); layer2ElmWid = 0; if (moreElm && !productPages) { layer2.forEach((curr) => { try { layer2ElmWid += curr.offsetWidth; if (layer2ElmWid >= 750) { moreElm?.append(curr); } } catch (e) {} }); } var portalThemeCol",PASS,PASS,NO_GEO,,NO_GEO,UNCERTAIN,requires human interpretation,RELEVANCE_PASS,,,,
task17-008,https://realty.economictimes.indiatimes.com/rss/recentstories,Ahmedabad: Seven illegally constructed residential units in Fatehwadi razed,https://realty.economictimes.indiatimes.com/news/residential/ahmedabad-seven-illegally-constructed-residential-units-in-fatehwadi-razed/134610187,2026-10-01T06:30:00.000Z,Login Get App News RegulatoryCommercialCementTechnologyIndustryResidentialInfrastructureRERAHousing FinanceAllied IndustriesView all News Exclusives Leaders Speak Events Awards Webinars Brand Solutions More Newsletters MasterClasses About Us Contact Us Advertise With Us Search Regulatory Industry RERA Commercial Reside,"Login Get App News RegulatoryCommercialCementTechnologyIndustryResidentialInfrastructureRERAHousing FinanceAllied IndustriesView all News Exclusives Leaders Speak Events Awards Webinars Brand Solutions More Newsletters MasterClasses About Us Contact Us Advertise With Us Search Regulatory Industry RERA Commercial Residential ETRealty TV Housing Finance Cities Mumbai Delhi-NCR Bengaluru Chennai Hyderabad Pune Kolkata Gurugram Noida Ahmedabad Navi Mumbai Thane Chandigarh Lucknow Nagpur Nashik Jaipur Coimbatore Indore Thiruvananthapuram Visakhapatnam Ludhiana Bhubaneswar More CementInfrastructureRetailHospitalityInternationalTechnologySmart CityStartupsPaintsLighting Integrated Campaigns Bespoke Events Advertorial Virtual Engagement Videos Digital Branding & Awareness More More var defaultImgUrl = ''; var productPages = ''; var layer2 = document.querySelectorAll('.top-secondary-nav a, .top-secondary-nav span'); let moreElm = document.querySelector('.nav-more-options .nav_column'); layer2ElmWid = 0; if (moreElm && !productPages) { layer2.forEach((curr) => { try { layer2ElmWid += curr.offsetWidth; if (layer2ElmWid >= 750) { moreElm?.append(curr); } } catch (e) {} }); } var portalThemeCol",PASS,PASS,NO_GEO,,NO_GEO,UNCERTAIN,requires human interpretation,RELEVANCE_PASS,,,,
task17-009,https://realty.economictimes.indiatimes.com/rss/residential,Branded residences must deliver long-term value beyond the brand name: Industry leaders,https://realty.economictimes.indiatimes.com/news/residential/branded-residences-must-deliver-long-term-value-beyond-the-brand-name-industry-leaders/134606212,2026-10-01T02:13:07.000Z,Login Get App News RegulatoryCommercialCementTechnologyIndustryResidentialInfrastructureRERAHousing FinanceAllied IndustriesView all News Exclusives Leaders Speak Events Awards Webinars Brand Solutions More Newsletters MasterClasses About Us Contact Us Advertise With Us Search Regulatory Industry RERA Commercial Reside,"Login Get App News RegulatoryCommercialCementTechnologyIndustryResidentialInfrastructureRERAHousing FinanceAllied IndustriesView all News Exclusives Leaders Speak Events Awards Webinars Brand Solutions More Newsletters MasterClasses About Us Contact Us Advertise With Us Search Regulatory Industry RERA Commercial Residential ETRealty TV Housing Finance Cities Mumbai Delhi-NCR Bengaluru Chennai Hyderabad Pune Kolkata Gurugram Noida Ahmedabad Navi Mumbai Thane Chandigarh Lucknow Nagpur Nashik Jaipur Coimbatore Indore Thiruvananthapuram Visakhapatnam Ludhiana Bhubaneswar More CementInfrastructureRetailHospitalityInternationalTechnologySmart CityStartupsPaintsLighting Integrated Campaigns Bespoke Events Advertorial Virtual Engagement Videos Digital Branding & Awareness More More var defaultImgUrl = ''; var productPages = ''; var layer2 = document.querySelectorAll('.top-secondary-nav a, .top-secondary-nav span'); let moreElm = document.querySelector('.nav-more-options .nav_column'); layer2ElmWid = 0; if (moreElm && !productPages) { layer2.forEach((curr) => { try { layer2ElmWid += curr.offsetWidth; if (layer2ElmWid >= 750) { moreElm?.append(curr); } } catch (e) {} }); } var portalThemeCol",PASS,PASS,NO_GEO,,NO_GEO,UNCERTAIN,requires human interpretation,RELEVANCE_PASS,,,,
task17-010,https://realty.economictimes.indiatimes.com/rss/technology,Telecom Regulatory Authority of India launches digital connectivity rating platform for properties,https://realty.economictimes.indiatimes.com/news/technology/telecom-regulatory-authority-of-india-launches-digital-connectivity-rating-platform-for-properties/134497308,2026-09-26T04:38:49.000Z,Login Get App News RegulatoryCommercialCementTechnologyIndustryResidentialInfrastructureRERAHousing FinanceAllied IndustriesView all News Exclusives Leaders Speak Events Awards Webinars Brand Solutions More Newsletters MasterClasses About Us Contact Us Advertise With Us Search Regulatory Industry RERA Commercial Reside,"Login Get App News RegulatoryCommercialCementTechnologyIndustryResidentialInfrastructureRERAHousing FinanceAllied IndustriesView all News Exclusives Leaders Speak Events Awards Webinars Brand Solutions More Newsletters MasterClasses About Us Contact Us Advertise With Us Search Regulatory Industry RERA Commercial Residential ETRealty TV Housing Finance Cities Mumbai Delhi-NCR Bengaluru Chennai Hyderabad Pune Kolkata Gurugram Noida Ahmedabad Navi Mumbai Thane Chandigarh Lucknow Nagpur Nashik Jaipur Coimbatore Indore Thiruvananthapuram Visakhapatnam Ludhiana Bhubaneswar More CementInfrastructureRetailHospitalityInternationalTechnologySmart CityStartupsPaintsLighting Integrated Campaigns Bespoke Events Advertorial Virtual Engagement Videos Digital Branding & Awareness More More var defaultImgUrl = ''; var productPages = ''; var layer2 = document.querySelectorAll('.top-secondary-nav a, .top-secondary-nav span'); let moreElm = document.querySelector('.nav-more-options .nav_column'); layer2ElmWid = 0; if (moreElm && !productPages) { layer2.forEach((curr) => { try { layer2ElmWid += curr.offsetWidth; if (layer2ElmWid >= 750) { moreElm?.append(curr); } } catch (e) {} }); } var portalThemeCol",PASS,PASS,NO_GEO,,NO_GEO,UNCERTAIN,requires human interpretation,RELEVANCE_PASS,,,,
task17-011,https://infra.economictimes.indiatimes.com/rss/construction,BEML unveils indigenously developed 60-ton electric dump truck,https://infra.economictimes.indiatimes.com/news/construction/beml-unveils-indigenously-developed-60-ton-electric-dump-truck/134609473,2026-10-01T05:52:35.000Z,Login Get App News Roads and HighwaysUrban InfrastructureEnergyConstructionWater RailwaysTelecomUrban TransportationCorporateRural InfrastructureAviationPorts and ShippingEconomyLogisticsView all News Events Awards Webinars Leaders Speak Brand Solutions More Newsletters MasterClasses About Us Contact Us Advertise With ,"Login Get App News Roads and HighwaysUrban InfrastructureEnergyConstructionWater RailwaysTelecomUrban TransportationCorporateRural InfrastructureAviationPorts and ShippingEconomyLogisticsView all News Events Awards Webinars Leaders Speak Brand Solutions More Newsletters MasterClasses About Us Contact Us Advertise With Us Search Roads and Highways Railways Aviation Ports and Shipping Urban Infrastructure Urban Transportation Construction Infra TV More EnergyTelecom Integrated Campaigns Bespoke Events Advertorial Virtual Engagement Videos Digital Branding & Awareness More More var defaultImgUrl = ''; var productPages = ''; var layer2 = document.querySelectorAll('.top-secondary-nav a, .top-secondary-nav span'); let moreElm = document.querySelector('.nav-more-options .nav_column'); layer2ElmWid = 0; if (moreElm && !productPages) { layer2.forEach((curr) => { try { layer2ElmWid += curr.offsetWidth; if (layer2ElmWid >= 750) { moreElm?.append(curr); } } catch (e) {} }); } var portalThemeColor = '' ? 'portalThemeColor' : 'noportal-color'; document.querySelector('body')?.classList?.add(portalThemeColor); .sticky .site-header__logo img { width:101px;height:34px;margin-top:-8px; } @media only ",PASS,PASS,NO_GEO,,NO_GEO,UNCERTAIN,requires human interpretation,RELEVANCE_PASS,,,,
task17-012,https://infra.economictimes.indiatimes.com/rss/corporate,Tata Trusts vice chairman Vijay Singh flags SDTT 'meddling' in Tata Sons,https://infra.economictimes.indiatimes.com/news/corporate/tata-trusts-vice-chairman-vijay-singh-flags-sdtt-meddling-in-tata-sons/134606847,2026-10-01T03:00:24.000Z,Login Get App News Roads and HighwaysUrban InfrastructureEnergyConstructionWater RailwaysTelecomUrban TransportationCorporateRural InfrastructureAviationPorts and ShippingEconomyLogisticsView all News Events Awards Webinars Leaders Speak Brand Solutions More Newsletters MasterClasses About Us Contact Us Advertise With ,"Login Get App News Roads and HighwaysUrban InfrastructureEnergyConstructionWater RailwaysTelecomUrban TransportationCorporateRural InfrastructureAviationPorts and ShippingEconomyLogisticsView all News Events Awards Webinars Leaders Speak Brand Solutions More Newsletters MasterClasses About Us Contact Us Advertise With Us Search Roads and Highways Railways Aviation Ports and Shipping Urban Infrastructure Urban Transportation Construction Infra TV More EnergyTelecom Integrated Campaigns Bespoke Events Advertorial Virtual Engagement Videos Digital Branding & Awareness More More var defaultImgUrl = ''; var productPages = ''; var layer2 = document.querySelectorAll('.top-secondary-nav a, .top-secondary-nav span'); let moreElm = document.querySelector('.nav-more-options .nav_column'); layer2ElmWid = 0; if (moreElm && !productPages) { layer2.forEach((curr) => { try { layer2ElmWid += curr.offsetWidth; if (layer2ElmWid >= 750) { moreElm?.append(curr); } } catch (e) {} }); } var portalThemeColor = '' ? 'portalThemeColor' : 'noportal-color'; document.querySelector('body')?.classList?.add(portalThemeColor); .sticky .site-header__logo img { width:101px;height:34px;margin-top:-8px; } @media only ",PASS,PASS,NO_GEO,,NO_GEO,UNCERTAIN,requires human interpretation,RELEVANCE_PASS,,,,
task17-013,https://infra.economictimes.indiatimes.com/rss/railways,Darjeeling 'Toy Train' chugs into top 50 global destinations in 2027,https://infra.economictimes.indiatimes.com/news/railways/darjeeling-toy-train-chugs-into-top-50-global-destinations-in-2027/134606768,2026-10-01T02:50:32.000Z,Login Get App News Roads and HighwaysUrban InfrastructureEnergyConstructionWater RailwaysTelecomUrban TransportationCorporateRural InfrastructureAviationPorts and ShippingEconomyLogisticsView all News Events Awards Webinars Leaders Speak Brand Solutions More Newsletters MasterClasses About Us Contact Us Advertise With ,"Login Get App News Roads and HighwaysUrban InfrastructureEnergyConstructionWater RailwaysTelecomUrban TransportationCorporateRural InfrastructureAviationPorts and ShippingEconomyLogisticsView all News Events Awards Webinars Leaders Speak Brand Solutions More Newsletters MasterClasses About Us Contact Us Advertise With Us Search Roads and Highways Railways Aviation Ports and Shipping Urban Infrastructure Urban Transportation Construction Infra TV More EnergyTelecom Integrated Campaigns Bespoke Events Advertorial Virtual Engagement Videos Digital Branding & Awareness More More var defaultImgUrl = ''; var productPages = ''; var layer2 = document.querySelectorAll('.top-secondary-nav a, .top-secondary-nav span'); let moreElm = document.querySelector('.nav-more-options .nav_column'); layer2ElmWid = 0; if (moreElm && !productPages) { layer2.forEach((curr) => { try { layer2ElmWid += curr.offsetWidth; if (layer2ElmWid >= 750) { moreElm?.append(curr); } } catch (e) {} }); } var portalThemeColor = '' ? 'portalThemeColor' : 'noportal-color'; document.querySelector('body')?.classList?.add(portalThemeColor); .sticky .site-header__logo img { width:101px;height:34px;margin-top:-8px; } @media only ",PASS,PASS,NO_GEO,,NO_GEO,UNCERTAIN,requires human interpretation,RELEVANCE_PASS,,,,
task17-014,https://infra.economictimes.indiatimes.com/rss/roads-highways,NHAI to conduct special quality checks on 17 highway projects with low bids,https://infra.economictimes.indiatimes.com/news/roads-highways/nhai-to-conduct-special-quality-checks-on-17-highway-projects-with-low-bids/134596069,2026-09-30T13:47:18.000Z,Login Get App News Roads and HighwaysUrban InfrastructureEnergyConstructionWater RailwaysTelecomUrban TransportationCorporateRural InfrastructureAviationPorts and ShippingEconomyLogisticsView all News Events Awards Webinars Leaders Speak Brand Solutions More Newsletters MasterClasses About Us Contact Us Advertise With ,"Login Get App News Roads and HighwaysUrban InfrastructureEnergyConstructionWater RailwaysTelecomUrban TransportationCorporateRural InfrastructureAviationPorts and ShippingEconomyLogisticsView all News Events Awards Webinars Leaders Speak Brand Solutions More Newsletters MasterClasses About Us Contact Us Advertise With Us Search Roads and Highways Railways Aviation Ports and Shipping Urban Infrastructure Urban Transportation Construction Infra TV More EnergyTelecom Integrated Campaigns Bespoke Events Advertorial Virtual Engagement Videos Digital Branding & Awareness More More var defaultImgUrl = ''; var productPages = ''; var layer2 = document.querySelectorAll('.top-secondary-nav a, .top-secondary-nav span'); let moreElm = document.querySelector('.nav-more-options .nav_column'); layer2ElmWid = 0; if (moreElm && !productPages) { layer2.forEach((curr) => { try { layer2ElmWid += curr.offsetWidth; if (layer2ElmWid >= 750) { moreElm?.append(curr); } } catch (e) {} }); } var portalThemeColor = '' ? 'portalThemeColor' : 'noportal-color'; document.querySelector('body')?.classList?.add(portalThemeColor); .sticky .site-header__logo img { width:101px;height:34px;margin-top:-8px; } @media only ",PASS,PASS,NO_GEO,,NO_GEO,UNCERTAIN,requires human interpretation,RELEVANCE_PASS,,,,
task17-015,https://infra.economictimes.indiatimes.com/rss/urban-infrastructure,"UP’s Project GANGA gets 3,000 DSP applications since its launch in June",https://infra.economictimes.indiatimes.com/news/urban-infrastructure/ups-project-ganga-gets-3000-dsp-applications-since-its-launch-in-june/134594364,2026-09-30T12:26:40.000Z,Login Get App News Roads and HighwaysUrban InfrastructureEnergyConstructionWater RailwaysTelecomUrban TransportationCorporateRural InfrastructureAviationPorts and ShippingEconomyLogisticsView all News Events Awards Webinars Leaders Speak Brand Solutions More Newsletters MasterClasses About Us Contact Us Advertise With ,"Login Get App News Roads and HighwaysUrban InfrastructureEnergyConstructionWater RailwaysTelecomUrban TransportationCorporateRural InfrastructureAviationPorts and ShippingEconomyLogisticsView all News Events Awards Webinars Leaders Speak Brand Solutions More Newsletters MasterClasses About Us Contact Us Advertise With Us Search Roads and Highways Railways Aviation Ports and Shipping Urban Infrastructure Urban Transportation Construction Infra TV More EnergyTelecom Integrated Campaigns Bespoke Events Advertorial Virtual Engagement Videos Digital Branding & Awareness More More var defaultImgUrl = ''; var productPages = ''; var layer2 = document.querySelectorAll('.top-secondary-nav a, .top-secondary-nav span'); let moreElm = document.querySelector('.nav-more-options .nav_column'); layer2ElmWid = 0; if (moreElm && !productPages) { layer2.forEach((curr) => { try { layer2ElmWid += curr.offsetWidth; if (layer2ElmWid >= 750) { moreElm?.append(curr); } } catch (e) {} }); } var portalThemeColor = '' ? 'portalThemeColor' : 'noportal-color'; document.querySelector('body')?.classList?.add(portalThemeColor); .sticky .site-header__logo img { width:101px;height:34px;margin-top:-8px; } @media only ",PASS,PASS,NO_GEO,,NO_GEO,UNCERTAIN,requires human interpretation,RELEVANCE_PASS,,,,
task17-016,https://infra.economictimes.indiatimes.com/rss/urban-transportation,L&T extends Hyderabad Metro stake sale timeline to December 31,https://infra.economictimes.indiatimes.com/news/urban-transportation/lt-extends-hyderabad-metro-stake-sale-timeline-to-december-31/134595937,2026-09-30T13:43:31.000Z,Login Get App News Roads and HighwaysUrban InfrastructureEnergyConstructionWater RailwaysTelecomUrban TransportationCorporateRural InfrastructureAviationPorts and ShippingEconomyLogisticsView all News Events Awards Webinars Leaders Speak Brand Solutions More Newsletters MasterClasses About Us Contact Us Advertise With ,"Login Get App News Roads and HighwaysUrban InfrastructureEnergyConstructionWater RailwaysTelecomUrban TransportationCorporateRural InfrastructureAviationPorts and ShippingEconomyLogisticsView all News Events Awards Webinars Leaders Speak Brand Solutions More Newsletters MasterClasses About Us Contact Us Advertise With Us Search Roads and Highways Railways Aviation Ports and Shipping Urban Infrastructure Urban Transportation Construction Infra TV More EnergyTelecom Integrated Campaigns Bespoke Events Advertorial Virtual Engagement Videos Digital Branding & Awareness More More var defaultImgUrl = ''; var productPages = ''; var layer2 = document.querySelectorAll('.top-secondary-nav a, .top-secondary-nav span'); let moreElm = document.querySelector('.nav-more-options .nav_column'); layer2ElmWid = 0; if (moreElm && !productPages) { layer2.forEach((curr) => { try { layer2ElmWid += curr.offsetWidth; if (layer2ElmWid >= 750) { moreElm?.append(curr); } } catch (e) {} }); } var portalThemeColor = '' ? 'portalThemeColor' : 'noportal-color'; document.querySelector('body')?.classList?.add(portalThemeColor); .sticky .site-header__logo img { width:101px;height:34px;margin-top:-8px; } @media only ",PASS,PASS,NO_GEO,,NO_GEO,UNCERTAIN,requires human interpretation,RELEVANCE_PASS,,,,
task17-017,https://infra.economictimes.indiatimes.com/rss/water,Kaleshwaram rehabilitation may include end-to-end diaphragm wall at Medigadda barrage,https://infra.economictimes.indiatimes.com/news/water/kaleshwaram-rehabilitation-may-include-end-to-end-diaphragm-wall-at-medigadda-barrage/134543660,2026-09-28T13:06:50.000Z,Login Get App News Roads and HighwaysUrban InfrastructureEnergyConstructionWater RailwaysTelecomUrban TransportationCorporateRural InfrastructureAviationPorts and ShippingEconomyLogisticsView all News Events Awards Webinars Leaders Speak Brand Solutions More Newsletters MasterClasses About Us Contact Us Advertise With ,"Login Get App News Roads and HighwaysUrban InfrastructureEnergyConstructionWater RailwaysTelecomUrban TransportationCorporateRural InfrastructureAviationPorts and ShippingEconomyLogisticsView all News Events Awards Webinars Leaders Speak Brand Solutions More Newsletters MasterClasses About Us Contact Us Advertise With Us Search Roads and Highways Railways Aviation Ports and Shipping Urban Infrastructure Urban Transportation Construction Infra TV More EnergyTelecom Integrated Campaigns Bespoke Events Advertorial Virtual Engagement Videos Digital Branding & Awareness More More var defaultImgUrl = ''; var productPages = ''; var layer2 = document.querySelectorAll('.top-secondary-nav a, .top-secondary-nav span'); let moreElm = document.querySelector('.nav-more-options .nav_column'); layer2ElmWid = 0; if (moreElm && !productPages) { layer2.forEach((curr) => { try { layer2ElmWid += curr.offsetWidth; if (layer2ElmWid >= 750) { moreElm?.append(curr); } } catch (e) {} }); } var portalThemeColor = '' ? 'portalThemeColor' : 'noportal-color'; document.querySelector('body')?.classList?.add(portalThemeColor); .sticky .site-header__logo img { width:101px;height:34px;margin-top:-8px; } @media only ",PASS,PASS,NO_GEO,,NO_GEO,UNCERTAIN,requires human interpretation,RELEVANCE_PASS,,,,
task17-018,https://realty.economictimes.indiatimes.com/rss/topstories,"Maharashtra housing redevelopment gets stricter: Three bids, registered rehab agreements and two-year deadline",https://realty.economictimes.indiatimes.com/news/industry/maharashtra-housing-redevelopment-gets-stricter-three-bids-registered-rehab-agreements-and-two-year-deadline/134607153,2026-10-01T03:16:54.000Z,Login Get App News RegulatoryCommercialCementTechnologyIndustryResidentialInfrastructureRERAHousing FinanceAllied IndustriesView all News Exclusives Leaders Speak Events Awards Webinars Brand Solutions More Newsletters MasterClasses About Us Contact Us Advertise With Us Search Regulatory Industry RERA Commercial Reside,"Login Get App News RegulatoryCommercialCementTechnologyIndustryResidentialInfrastructureRERAHousing FinanceAllied IndustriesView all News Exclusives Leaders Speak Events Awards Webinars Brand Solutions More Newsletters MasterClasses About Us Contact Us Advertise With Us Search Regulatory Industry RERA Commercial Residential ETRealty TV Housing Finance Cities Mumbai Delhi-NCR Bengaluru Chennai Hyderabad Pune Kolkata Gurugram Noida Ahmedabad Navi Mumbai Thane Chandigarh Lucknow Nagpur Nashik Jaipur Coimbatore Indore Thiruvananthapuram Visakhapatnam Ludhiana Bhubaneswar More CementInfrastructureRetailHospitalityInternationalTechnologySmart CityStartupsPaintsLighting Integrated Campaigns Bespoke Events Advertorial Virtual Engagement Videos Digital Branding & Awareness More More var defaultImgUrl = ''; var productPages = ''; var layer2 = document.querySelectorAll('.top-secondary-nav a, .top-secondary-nav span'); let moreElm = document.querySelector('.nav-more-options .nav_column'); layer2ElmWid = 0; if (moreElm && !productPages) { layer2.forEach((curr) => { try { layer2ElmWid += curr.offsetWidth; if (layer2ElmWid >= 750) { moreElm?.append(curr); } } catch (e) {} }); } var portalThemeCol",PASS,PASS,NO_GEO,,DUPLICATE,UNCERTAIN,requires human interpretation,RELEVANCE_PASS,,,,
task17-019,https://themetrorailguy.com/,Bengaluru Business Corridor: Route Map & Status Update [2024],https://themetrorailguy.com/bda-bangalore-peripheral-ring-road-route-map-status-update-tenders/,,Subscribe to our RSS Feed Follow us on TwitterJoin our Facebook Group Home Metro Quick Snapshot Operational & U/C (20) Agra Information & Map Construction Updates Ahmedabad Information & Map Construction Updates Bangalore Information & Map Construction Updates Bhopal Information & Map Construction Updates Chennai Infor,Subscribe to our RSS Feed Follow us on TwitterJoin our Facebook Group Home Metro Quick Snapshot Operational & U/C (20) Agra Information & Map Construction Updates Ahmedabad Information & Map Construction Updates Bangalore Information & Map Construction Updates Bhopal Information & Map Construction Updates Chennai Information & Map Construction Updates Delhi Information & Map Construction Updates Gurgaon Information & Map Construction Updates Hyderabad Information & Map Construction Updates Indore Information & Map Construction Updates Jaipur Information & Map Construction Updates Kanpur Information & Map Construction Updates Kochi Information & Map Construction Updates Kolkata Information & Map Construction Updates Lucknow Information & Map Construction Updates Mumbai Information & Map Construction Updates Nagpur Information & Map Construction Updates Navi Mumbai Information & Map Construction Updates Noida – Greater Noida Information & Map Construction Updates Patna Information & Map Construction Updates Pune Information & Map Construction Updates Under Construction (3) Bhubaneswar Information & Map Construction Updates Meerut Information & Map Construction Updates Surat Informati,PASS,PASS,CITY_FOUND,bangalore,NO_DATE,UNCERTAIN,requires human interpretation,RELEVANCE_PASS,,,,
task17-020,https://themetrorailguy.com/,"Gaimukh - Fountain Hotel Tunnel: Map, Status Update & Design [2025]",https://themetrorailguy.com/gaimukh-fountain-hotel-tunnel-status-update-news-design/,,Subscribe to our RSS Feed Follow us on TwitterJoin our Facebook Group Home Metro Quick Snapshot Operational & U/C (20) Agra Information & Map Construction Updates Ahmedabad Information & Map Construction Updates Bangalore Information & Map Construction Updates Bhopal Information & Map Construction Updates Chennai Infor,Subscribe to our RSS Feed Follow us on TwitterJoin our Facebook Group Home Metro Quick Snapshot Operational & U/C (20) Agra Information & Map Construction Updates Ahmedabad Information & Map Construction Updates Bangalore Information & Map Construction Updates Bhopal Information & Map Construction Updates Chennai Information & Map Construction Updates Delhi Information & Map Construction Updates Gurgaon Information & Map Construction Updates Hyderabad Information & Map Construction Updates Indore Information & Map Construction Updates Jaipur Information & Map Construction Updates Kanpur Information & Map Construction Updates Kochi Information & Map Construction Updates Kolkata Information & Map Construction Updates Lucknow Information & Map Construction Updates Mumbai Information & Map Construction Updates Nagpur Information & Map Construction Updates Navi Mumbai Information & Map Construction Updates Noida – Greater Noida Information & Map Construction Updates Patna Information & Map Construction Updates Pune Information & Map Construction Updates Under Construction (3) Bhubaneswar Information & Map Construction Updates Meerut Information & Map Construction Updates Surat Informati,PASS,PASS,AMBIGUOUS,gurugram|bhopal|ahmedabad|bangalore|chennai|hyderabad|agra,NO_DATE,UNCERTAIN,requires human interpretation,RELEVANCE_PASS,,,,
task17-021,https://transport.rajasthan.gov.in/jmrc,JMRC Policy for permission of LPG at Metro Stations,https://transport.rajasthan.gov.in/content/transportportal/en/metro/business-with-us/jmrc-policy-for-permission-of-lpg-at-metro-stations.html,,"Transport Logo function toggle_visibility(id) { var e = document.getElementById(id); if(e.style.display == 'block') e.style.display = 'none'; else e.style.display = 'block'; } Back to Main Portal Skip To Main Content Screen Reader Access A+ A A- English Hindi submit function submitSearch() { document.forms[""myform""].su","Transport Logo function toggle_visibility(id) { var e = document.getElementById(id); if(e.style.display == 'block') e.style.display = 'none'; else e.style.display = 'block'; } Back to Main Portal Skip To Main Content Screen Reader Access A+ A A- English Hindi submit function submitSearch() { document.forms[""myform""].submit(); } Toggle navigation Passenger Information Metro Time table Metro Stations Station Contact Number Metro Fares Catchment Area Types of Tickets Selling of Smart Cards Metro Feeder Service Do's and Don'ts Notification of Delay/Cancellation Lost and Found Passenger Amenities Near Metro Stations Offences Penalties: Office Order Parking at Metro Stations Business Manual Passenger Travelled Count About Us About JMRC Board of Directors Organisation Structure Mission Contact Details Annual Reports CSR Policy Vigil Mechanism Project Introduction Traffic Study by Wilbur Smith Associates-2010 Comprehensive Mobility Plan (CMP) May, 2018 Comprehensive Mobility Plan (CMP) for Jaipur by Wilbur Smith Associates-January 2010 DPR Phase- I Catchment Area Phase-1B Building Condition Survey Building Condition Survey-Additional Shopes Status of Existing cracks of Chandpole Gate as on",PASS,PASS,CITY_FOUND,jaipur,NO_DATE,UNCERTAIN,requires human interpretation,RELEVANCE_PASS,,,,
task17-022,https://infra.economictimes.indiatimes.com/rss/recentstories,"Highway Infrastructure bags ₹245 crore toll contracts in UP, Tamil Nadu",https://infra.economictimes.indiatimes.com/news/roads-highways/highway-infrastructure-bags-245-crore-toll-contracts-in-up-tamil-nadu/134610445,2026-10-01T06:33:49.000Z,Login Get App News Roads and HighwaysUrban InfrastructureEnergyConstructionWater RailwaysTelecomUrban TransportationCorporateRural InfrastructureAviationPorts and ShippingEconomyLogisticsView all News Events Awards Webinars Leaders Speak Brand Solutions More Newsletters MasterClasses About Us Contact Us Advertise With ,"Login Get App News Roads and HighwaysUrban InfrastructureEnergyConstructionWater RailwaysTelecomUrban TransportationCorporateRural InfrastructureAviationPorts and ShippingEconomyLogisticsView all News Events Awards Webinars Leaders Speak Brand Solutions More Newsletters MasterClasses About Us Contact Us Advertise With Us Search Roads and Highways Railways Aviation Ports and Shipping Urban Infrastructure Urban Transportation Construction Infra TV More EnergyTelecom Integrated Campaigns Bespoke Events Advertorial Virtual Engagement Videos Digital Branding & Awareness More More var defaultImgUrl = ''; var productPages = ''; var layer2 = document.querySelectorAll('.top-secondary-nav a, .top-secondary-nav span'); let moreElm = document.querySelector('.nav-more-options .nav_column'); layer2ElmWid = 0; if (moreElm && !productPages) { layer2.forEach((curr) => { try { layer2ElmWid += curr.offsetWidth; if (layer2ElmWid >= 750) { moreElm?.append(curr); } } catch (e) {} }); } var portalThemeColor = '' ? 'portalThemeColor' : 'noportal-color'; document.querySelector('body')?.classList?.add(portalThemeColor); .sticky .site-header__logo img { width:101px;height:34px;margin-top:-8px; } @media only ",PASS,PASS,NO_GEO,,DUPLICATE,UNCERTAIN,requires human interpretation,RELEVANCE_PASS,,,,
task17-023,https://infra.economictimes.indiatimes.com/rss/rural-infrastructure,Four-year-old Jal Jeevan Mission water project in Hosanagara set for revival after minister’s intervention,https://infra.economictimes.indiatimes.com/news/rural-infrastructure/four-year-old-jal-jeevan-mission-water-project-in-hosanagara-set-for-revival-after-ministers-intervention/134241862,2026-09-14T13:13:01.000Z,Login Get App News Roads and HighwaysUrban InfrastructureEnergyConstructionWater RailwaysTelecomUrban TransportationCorporateRural InfrastructureAviationPorts and ShippingEconomyLogisticsView all News Events Awards Webinars Leaders Speak Brand Solutions More Newsletters MasterClasses About Us Contact Us Advertise With ,"Login Get App News Roads and HighwaysUrban InfrastructureEnergyConstructionWater RailwaysTelecomUrban TransportationCorporateRural InfrastructureAviationPorts and ShippingEconomyLogisticsView all News Events Awards Webinars Leaders Speak Brand Solutions More Newsletters MasterClasses About Us Contact Us Advertise With Us Search Roads and Highways Railways Aviation Ports and Shipping Urban Infrastructure Urban Transportation Construction Infra TV More EnergyTelecom Integrated Campaigns Bespoke Events Advertorial Virtual Engagement Videos Digital Branding & Awareness More More var defaultImgUrl = ''; var productPages = ''; var layer2 = document.querySelectorAll('.top-secondary-nav a, .top-secondary-nav span'); let moreElm = document.querySelector('.nav-more-options .nav_column'); layer2ElmWid = 0; if (moreElm && !productPages) { layer2.forEach((curr) => { try { layer2ElmWid += curr.offsetWidth; if (layer2ElmWid >= 750) { moreElm?.append(curr); } } catch (e) {} }); } var portalThemeColor = '' ? 'portalThemeColor' : 'noportal-color'; document.querySelector('body')?.classList?.add(portalThemeColor); .sticky .site-header__logo img { width:101px;height:34px;margin-top:-8px; } @media only ",PASS,PASS,NO_GEO,,STALE,UNCERTAIN,requires human interpretation,RELEVANCE_PASS,,,,
task17-024,https://realty.economictimes.indiatimes.com/rss/lighting/smart-lighting,"Ranchi civic body to install 5,300 LED street lights across city",https://realty.economictimes.indiatimes.com/news/lighting/outdoor-lighting/ranchi-civic-body-to-install-5300-led-street-lights-across-city/134355182,2026-09-19T13:36:21.000Z,Login Get App News RegulatoryCommercialCementTechnologyIndustryResidentialInfrastructureRERAHousing FinanceAllied IndustriesView all News Exclusives Leaders Speak Events Awards Webinars Brand Solutions More Newsletters MasterClasses About Us Contact Us Advertise With Us Search Integrated Campaigns Bespoke Events Advert,"Login Get App News RegulatoryCommercialCementTechnologyIndustryResidentialInfrastructureRERAHousing FinanceAllied IndustriesView all News Exclusives Leaders Speak Events Awards Webinars Brand Solutions More Newsletters MasterClasses About Us Contact Us Advertise With Us Search Integrated Campaigns Bespoke Events Advertorial Virtual Engagement Videos Digital Branding & Awareness More More var defaultImgUrl = ''; var productPages = ''; var layer2 = document.querySelectorAll('.top-secondary-nav a, .top-secondary-nav span'); let moreElm = document.querySelector('.nav-more-options .nav_column'); layer2ElmWid = 0; if (moreElm && !productPages) { layer2.forEach((curr) => { try { layer2ElmWid += curr.offsetWidth; if (layer2ElmWid >= 750) { moreElm?.append(curr); } } catch (e) {} }); } var portalThemeColor = '' ? 'portalThemeColor' : 'noportal-color'; document.querySelector('body')?.classList?.add(portalThemeColor); .sticky .site-header__logo img { width:110px;height:40px;margin-top:-14px; } @media only screen and (max-width: 767px) { .site-header__logo img { width:112px;margin-top:-5px; } .sticky .site-header__logo img { width:112px;margin-top:-5px; } } Outdoor Lighting 2 min read Ranchi c",PASS,PASS,NO_GEO,,DUPLICATE,UNCERTAIN,requires human interpretation,RELEVANCE_PASS,,,,
task17-025,https://realty.economictimes.indiatimes.com/rss/lighting/smart-lighting,"Repair, maintain all street lights in Patna civic body's area: Bihar CM",https://realty.economictimes.indiatimes.com/news/lighting/outdoor-lighting/repair-maintain-all-street-lights-in-patna-civic-bodys-area-bihar-cm/133641850,2026-08-31T06:30:00.000Z,Login Get App News RegulatoryCommercialCementTechnologyIndustryResidentialInfrastructureRERAHousing FinanceAllied IndustriesView all News Exclusives Leaders Speak Events Awards Webinars Brand Solutions More Newsletters MasterClasses About Us Contact Us Advertise With Us Search Integrated Campaigns Bespoke Events Advert,"Login Get App News RegulatoryCommercialCementTechnologyIndustryResidentialInfrastructureRERAHousing FinanceAllied IndustriesView all News Exclusives Leaders Speak Events Awards Webinars Brand Solutions More Newsletters MasterClasses About Us Contact Us Advertise With Us Search Integrated Campaigns Bespoke Events Advertorial Virtual Engagement Videos Digital Branding & Awareness More More var defaultImgUrl = ''; var productPages = ''; var layer2 = document.querySelectorAll('.top-secondary-nav a, .top-secondary-nav span'); let moreElm = document.querySelector('.nav-more-options .nav_column'); layer2ElmWid = 0; if (moreElm && !productPages) { layer2.forEach((curr) => { try { layer2ElmWid += curr.offsetWidth; if (layer2ElmWid >= 750) { moreElm?.append(curr); } } catch (e) {} }); } var portalThemeColor = '' ? 'portalThemeColor' : 'noportal-color'; document.querySelector('body')?.classList?.add(portalThemeColor); .sticky .site-header__logo img { width:110px;height:40px;margin-top:-14px; } @media only screen and (max-width: 767px) { .site-header__logo img { width:112px;margin-top:-5px; } .sticky .site-header__logo img { width:112px;margin-top:-5px; } } Outdoor Lighting 1 min read Repair, ",PASS,PASS,NO_GEO,,DUPLICATE,UNCERTAIN,requires human interpretation,RELEVANCE_PASS,,,,
task17-026,https://realty.economictimes.indiatimes.com/rss/smart-city,SPVs set up under smart cities mission in Tamil Nadu reduced to funding conduits: CAG report,https://realty.economictimes.indiatimes.com/news/smart-city/spvs-set-up-under-smart-cities-mission-in-tamil-nadu-reduced-to-funding-conduits-cag-report/133951375,2026-09-09T03:46:01.000Z,Login Get App News RegulatoryCommercialCementTechnologyIndustryResidentialInfrastructureRERAHousing FinanceAllied IndustriesView all News Exclusives Leaders Speak Events Awards Webinars Brand Solutions More Newsletters MasterClasses About Us Contact Us Advertise With Us Search Regulatory Industry RERA Commercial Reside,"Login Get App News RegulatoryCommercialCementTechnologyIndustryResidentialInfrastructureRERAHousing FinanceAllied IndustriesView all News Exclusives Leaders Speak Events Awards Webinars Brand Solutions More Newsletters MasterClasses About Us Contact Us Advertise With Us Search Regulatory Industry RERA Commercial Residential ETRealty TV Housing Finance Cities Mumbai Delhi-NCR Bengaluru Chennai Hyderabad Pune Kolkata Gurugram Noida Ahmedabad Navi Mumbai Thane Chandigarh Lucknow Nagpur Nashik Jaipur Coimbatore Indore Thiruvananthapuram Visakhapatnam Ludhiana Bhubaneswar More CementInfrastructureRetailHospitalityInternationalTechnologySmart CityStartupsPaintsLighting Integrated Campaigns Bespoke Events Advertorial Virtual Engagement Videos Digital Branding & Awareness More More var defaultImgUrl = ''; var productPages = ''; var layer2 = document.querySelectorAll('.top-secondary-nav a, .top-secondary-nav span'); let moreElm = document.querySelector('.nav-more-options .nav_column'); layer2ElmWid = 0; if (moreElm && !productPages) { layer2.forEach((curr) => { try { layer2ElmWid += curr.offsetWidth; if (layer2ElmWid >= 750) { moreElm?.append(curr); } } catch (e) {} }); } var portalThemeCol",PASS,PASS,NO_GEO,,STALE,UNCERTAIN,requires human interpretation,RELEVANCE_PASS,,,,
task17-027,https://realty.economictimes.indiatimes.com/rss/smart-city,"Zahirabad Industrial Smart City to attract ₹15,000 crore investment, project completion by 2028: Telangana IT minister",https://realty.economictimes.indiatimes.com/news/smart-city/zahirabad-industrial-smart-city-to-attract-15000-crore-investment-project-completion-by-2028-telangana-it-minister/133312099,2026-08-18T09:03:00.000Z,Login Get App News RegulatoryCommercialCementTechnologyIndustryResidentialInfrastructureRERAHousing FinanceAllied IndustriesView all News Exclusives Leaders Speak Events Awards Webinars Brand Solutions More Newsletters MasterClasses About Us Contact Us Advertise With Us Search Regulatory Industry RERA Commercial Reside,"Login Get App News RegulatoryCommercialCementTechnologyIndustryResidentialInfrastructureRERAHousing FinanceAllied IndustriesView all News Exclusives Leaders Speak Events Awards Webinars Brand Solutions More Newsletters MasterClasses About Us Contact Us Advertise With Us Search Regulatory Industry RERA Commercial Residential ETRealty TV Housing Finance Cities Mumbai Delhi-NCR Bengaluru Chennai Hyderabad Pune Kolkata Gurugram Noida Ahmedabad Navi Mumbai Thane Chandigarh Lucknow Nagpur Nashik Jaipur Coimbatore Indore Thiruvananthapuram Visakhapatnam Ludhiana Bhubaneswar More CementInfrastructureRetailHospitalityInternationalTechnologySmart CityStartupsPaintsLighting Integrated Campaigns Bespoke Events Advertorial Virtual Engagement Videos Digital Branding & Awareness More More var defaultImgUrl = ''; var productPages = ''; var layer2 = document.querySelectorAll('.top-secondary-nav a, .top-secondary-nav span'); let moreElm = document.querySelector('.nav-more-options .nav_column'); layer2ElmWid = 0; if (moreElm && !productPages) { layer2.forEach((curr) => { try { layer2ElmWid += curr.offsetWidth; if (layer2ElmWid >= 750) { moreElm?.append(curr); } } catch (e) {} }); } var portalThemeCol",PASS,PASS,NO_GEO,,STALE,UNCERTAIN,requires human interpretation,RELEVANCE_PASS,,,,
task17-028,https://realty.economictimes.indiatimes.com/rss/hospitality,Homestays in Hampi must secure legal tag by September 30,https://realty.economictimes.indiatimes.com/news/hospitality/homestays-in-hampi-must-secure-legal-tag-by-september-30/134523712,2026-09-27T16:56:43.000Z,Login Get App News RegulatoryCommercialCementTechnologyIndustryResidentialInfrastructureRERAHousing FinanceAllied IndustriesView all News Exclusives Leaders Speak Events Awards Webinars Brand Solutions More Newsletters MasterClasses About Us Contact Us Advertise With Us Search Regulatory Industry RERA Commercial Reside,"Login Get App News RegulatoryCommercialCementTechnologyIndustryResidentialInfrastructureRERAHousing FinanceAllied IndustriesView all News Exclusives Leaders Speak Events Awards Webinars Brand Solutions More Newsletters MasterClasses About Us Contact Us Advertise With Us Search Regulatory Industry RERA Commercial Residential ETRealty TV Housing Finance Cities Mumbai Delhi-NCR Bengaluru Chennai Hyderabad Pune Kolkata Gurugram Noida Ahmedabad Navi Mumbai Thane Chandigarh Lucknow Nagpur Nashik Jaipur Coimbatore Indore Thiruvananthapuram Visakhapatnam Ludhiana Bhubaneswar More CementInfrastructureRetailHospitalityInternationalTechnologySmart CityStartupsPaintsLighting Integrated Campaigns Bespoke Events Advertorial Virtual Engagement Videos Digital Branding & Awareness More More var defaultImgUrl = ''; var productPages = ''; var layer2 = document.querySelectorAll('.top-secondary-nav a, .top-secondary-nav span'); let moreElm = document.querySelector('.nav-more-options .nav_column'); layer2ElmWid = 0; if (moreElm && !productPages) { layer2.forEach((curr) => { try { layer2ElmWid += curr.offsetWidth; if (layer2ElmWid >= 750) { moreElm?.append(curr); } } catch (e) {} }); } var portalThemeCol",FAIL,REJECT_NEGATIVE,NO_GEO,,NEGATIVE,TRUE_NEGATIVE,CRIME,ET_REALTY_CURRENT,,,,
task17-029,https://realty.economictimes.indiatimes.com/rss/international,Spain aims to ban evictions until 2030 amid housing protests,https://realty.economictimes.indiatimes.com/news/international/spain-aims-to-ban-evictions-until-2030-amid-housing-protests/134568564,2026-09-29T13:41:06.000Z,Login Get App News RegulatoryCommercialCementTechnologyIndustryResidentialInfrastructureRERAHousing FinanceAllied IndustriesView all News Exclusives Leaders Speak Events Awards Webinars Brand Solutions More Newsletters MasterClasses About Us Contact Us Advertise With Us Search Regulatory Industry RERA Commercial Reside,"Login Get App News RegulatoryCommercialCementTechnologyIndustryResidentialInfrastructureRERAHousing FinanceAllied IndustriesView all News Exclusives Leaders Speak Events Awards Webinars Brand Solutions More Newsletters MasterClasses About Us Contact Us Advertise With Us Search Regulatory Industry RERA Commercial Residential ETRealty TV Housing Finance Cities Mumbai Delhi-NCR Bengaluru Chennai Hyderabad Pune Kolkata Gurugram Noida Ahmedabad Navi Mumbai Thane Chandigarh Lucknow Nagpur Nashik Jaipur Coimbatore Indore Thiruvananthapuram Visakhapatnam Ludhiana Bhubaneswar More CementInfrastructureRetailHospitalityInternationalTechnologySmart CityStartupsPaintsLighting Integrated Campaigns Bespoke Events Advertorial Virtual Engagement Videos Digital Branding & Awareness More More var defaultImgUrl = ''; var productPages = ''; var layer2 = document.querySelectorAll('.top-secondary-nav a, .top-secondary-nav span'); let moreElm = document.querySelector('.nav-more-options .nav_column'); layer2ElmWid = 0; if (moreElm && !productPages) { layer2.forEach((curr) => { try { layer2ElmWid += curr.offsetWidth; if (layer2ElmWid >= 750) { moreElm?.append(curr); } } catch (e) {} }); } var portalThemeCol",FAIL,REJECT_NEGATIVE,NO_GEO,,NEGATIVE,TRUE_NEGATIVE,DISPUTE,ET_REALTY_CURRENT,,,,
task17-030,https://realty.economictimes.indiatimes.com/rss/topstories,ED arrests two promoters of Gurugram-based Vatika Group in homebuyers 'fraud' case,https://realty.economictimes.indiatimes.com/news/regulatory/ed-arrests-two-promoters-of-gurugram-based-vatika-group-in-homebuyers-fraud-case/134606649,2026-10-01T02:43:00.000Z,Login Get App News RegulatoryCommercialCementTechnologyIndustryResidentialInfrastructureRERAHousing FinanceAllied IndustriesView all News Exclusives Leaders Speak Events Awards Webinars Brand Solutions More Newsletters MasterClasses About Us Contact Us Advertise With Us Search Regulatory Industry RERA Commercial Reside,"Login Get App News RegulatoryCommercialCementTechnologyIndustryResidentialInfrastructureRERAHousing FinanceAllied IndustriesView all News Exclusives Leaders Speak Events Awards Webinars Brand Solutions More Newsletters MasterClasses About Us Contact Us Advertise With Us Search Regulatory Industry RERA Commercial Residential ETRealty TV Housing Finance Cities Mumbai Delhi-NCR Bengaluru Chennai Hyderabad Pune Kolkata Gurugram Noida Ahmedabad Navi Mumbai Thane Chandigarh Lucknow Nagpur Nashik Jaipur Coimbatore Indore Thiruvananthapuram Visakhapatnam Ludhiana Bhubaneswar More CementInfrastructureRetailHospitalityInternationalTechnologySmart CityStartupsPaintsLighting Integrated Campaigns Bespoke Events Advertorial Virtual Engagement Videos Digital Branding & Awareness More More var defaultImgUrl = ''; var productPages = ''; var layer2 = document.querySelectorAll('.top-secondary-nav a, .top-secondary-nav span'); let moreElm = document.querySelector('.nav-more-options .nav_column'); layer2ElmWid = 0; if (moreElm && !productPages) { layer2.forEach((curr) => { try { layer2ElmWid += curr.offsetWidth; if (layer2ElmWid >= 750) { moreElm?.append(curr); } } catch (e) {} }); } var portalThemeCol",FAIL,REJECT_NEGATIVE,NO_GEO,,NEGATIVE,TRUE_NEGATIVE,CRIME,ET_REALTY_CURRENT,,,,
task17-031,https://realty.economictimes.indiatimes.com/rss/regulatory,Enforcement directorate search at TDI’s Mohali office ends after 53 hours,https://realty.economictimes.indiatimes.com/news/regulatory/enforcement-directorate-search-at-tdis-mohali-office-ends-after-53-hours/134607087,2026-10-01T03:11:50.000Z,Login Get App News RegulatoryCommercialCementTechnologyIndustryResidentialInfrastructureRERAHousing FinanceAllied IndustriesView all News Exclusives Leaders Speak Events Awards Webinars Brand Solutions More Newsletters MasterClasses About Us Contact Us Advertise With Us Search Regulatory Industry RERA Commercial Reside,"Login Get App News RegulatoryCommercialCementTechnologyIndustryResidentialInfrastructureRERAHousing FinanceAllied IndustriesView all News Exclusives Leaders Speak Events Awards Webinars Brand Solutions More Newsletters MasterClasses About Us Contact Us Advertise With Us Search Regulatory Industry RERA Commercial Residential ETRealty TV Housing Finance Cities Mumbai Delhi-NCR Bengaluru Chennai Hyderabad Pune Kolkata Gurugram Noida Ahmedabad Navi Mumbai Thane Chandigarh Lucknow Nagpur Nashik Jaipur Coimbatore Indore Thiruvananthapuram Visakhapatnam Ludhiana Bhubaneswar More CementInfrastructureRetailHospitalityInternationalTechnologySmart CityStartupsPaintsLighting Integrated Campaigns Bespoke Events Advertorial Virtual Engagement Videos Digital Branding & Awareness More More var defaultImgUrl = ''; var productPages = ''; var layer2 = document.querySelectorAll('.top-secondary-nav a, .top-secondary-nav span'); let moreElm = document.querySelector('.nav-more-options .nav_column'); layer2ElmWid = 0; if (moreElm && !productPages) { layer2.forEach((curr) => { try { layer2ElmWid += curr.offsetWidth; if (layer2ElmWid >= 750) { moreElm?.append(curr); } } catch (e) {} }); } var portalThemeCol",FAIL,REJECT_NEGATIVE,NO_GEO,,NEGATIVE,TRUE_NEGATIVE,FRAUD,ET_REALTY_CURRENT,,,,
task17-032,https://realty.economictimes.indiatimes.com/rss/regulatory,Gurugram admin acts against 71 builders for failing to refund amounts ordered by Haryana RERA,https://realty.economictimes.indiatimes.com/news/regulatory/gurugram-admin-acts-against-71-builders-for-failing-to-refund-amounts-ordered-by-haryana-rera/134606687,2026-10-01T02:45:04.000Z,Login Get App News RegulatoryCommercialCementTechnologyIndustryResidentialInfrastructureRERAHousing FinanceAllied IndustriesView all News Exclusives Leaders Speak Events Awards Webinars Brand Solutions More Newsletters MasterClasses About Us Contact Us Advertise With Us Search Regulatory Industry RERA Commercial Reside,"Login Get App News RegulatoryCommercialCementTechnologyIndustryResidentialInfrastructureRERAHousing FinanceAllied IndustriesView all News Exclusives Leaders Speak Events Awards Webinars Brand Solutions More Newsletters MasterClasses About Us Contact Us Advertise With Us Search Regulatory Industry RERA Commercial Residential ETRealty TV Housing Finance Cities Mumbai Delhi-NCR Bengaluru Chennai Hyderabad Pune Kolkata Gurugram Noida Ahmedabad Navi Mumbai Thane Chandigarh Lucknow Nagpur Nashik Jaipur Coimbatore Indore Thiruvananthapuram Visakhapatnam Ludhiana Bhubaneswar More CementInfrastructureRetailHospitalityInternationalTechnologySmart CityStartupsPaintsLighting Integrated Campaigns Bespoke Events Advertorial Virtual Engagement Videos Digital Branding & Awareness More More var defaultImgUrl = ''; var productPages = ''; var layer2 = document.querySelectorAll('.top-secondary-nav a, .top-secondary-nav span'); let moreElm = document.querySelector('.nav-more-options .nav_column'); layer2ElmWid = 0; if (moreElm && !productPages) { layer2.forEach((curr) => { try { layer2ElmWid += curr.offsetWidth; if (layer2ElmWid >= 750) { moreElm?.append(curr); } } catch (e) {} }); } var portalThemeCol",FAIL,REJECT_NEGATIVE,NO_GEO,,NEGATIVE,TRUE_NEGATIVE,CRIME,ET_REALTY_CURRENT,,,,
task17-033,https://realty.economictimes.indiatimes.com/rss/residential,Aadhaar mandatory for property transactions in Maharashtra from October 1,https://realty.economictimes.indiatimes.com/news/residential/aadhaar-mandatory-for-property-transactions-in-maharashtra-from-october-1/134607356,2026-10-01T03:32:15.000Z,Login Get App News RegulatoryCommercialCementTechnologyIndustryResidentialInfrastructureRERAHousing FinanceAllied IndustriesView all News Exclusives Leaders Speak Events Awards Webinars Brand Solutions More Newsletters MasterClasses About Us Contact Us Advertise With Us Search Regulatory Industry RERA Commercial Reside,"Login Get App News RegulatoryCommercialCementTechnologyIndustryResidentialInfrastructureRERAHousing FinanceAllied IndustriesView all News Exclusives Leaders Speak Events Awards Webinars Brand Solutions More Newsletters MasterClasses About Us Contact Us Advertise With Us Search Regulatory Industry RERA Commercial Residential ETRealty TV Housing Finance Cities Mumbai Delhi-NCR Bengaluru Chennai Hyderabad Pune Kolkata Gurugram Noida Ahmedabad Navi Mumbai Thane Chandigarh Lucknow Nagpur Nashik Jaipur Coimbatore Indore Thiruvananthapuram Visakhapatnam Ludhiana Bhubaneswar More CementInfrastructureRetailHospitalityInternationalTechnologySmart CityStartupsPaintsLighting Integrated Campaigns Bespoke Events Advertorial Virtual Engagement Videos Digital Branding & Awareness More More var defaultImgUrl = ''; var productPages = ''; var layer2 = document.querySelectorAll('.top-secondary-nav a, .top-secondary-nav span'); let moreElm = document.querySelector('.nav-more-options .nav_column'); layer2ElmWid = 0; if (moreElm && !productPages) { layer2.forEach((curr) => { try { layer2ElmWid += curr.offsetWidth; if (layer2ElmWid >= 750) { moreElm?.append(curr); } } catch (e) {} }); } var portalThemeCol",FAIL,REJECT_NEGATIVE,NO_GEO,,DUPLICATE,TRUE_NEGATIVE,FRAUD,ET_REALTY_CURRENT,,,,
task17-034,https://dda.gov.in/whats-new,Home page | Delhi Development Authority (DDA),https://dda.gov.in/,,"Old Website FAQs Screen Reader Access TT T+ T T - A A Select your language Englishहिंदी <div><input data-drupal-selector=""edit-submit"" type=""submit"" id=""edit-submit"" name=""op"" value=""Go"" class=""button js-form-submit form-submit"" /> </div> Login Search दिल्ली विकास प्राधिकरण Delhi Development Authority An Autonomous Bod","Old Website FAQs Screen Reader Access TT T+ T T - A A Select your language Englishहिंदी <div><input data-drupal-selector=""edit-submit"" type=""submit"" id=""edit-submit"" name=""op"" value=""Go"" class=""button js-form-submit form-submit"" /> </div> Login Search दिल्ली विकास प्राधिकरण Delhi Development Authority An Autonomous Body under Ministry of Housing and Urban Affairs ""DDA: Building Dreams, Shaping Futures"" संकल्पन से सृजन तक About Us Online Public Services Tender Public Notices Online Employee Services Contact Us Photo Gallery Read More Read More Read More Read More Read More Read More Read More What's New Brochure - DDA JANTA AWAAS YOJANA PHASE II 2026 - reg. Tender document for E-Auction of open space-function sites for the purpose of Marriage, Social, culatural and religious functions 7+3 months 2026 for disposal in upcoming E-auction 2026 Circular dated 29.09.2026 - Extension of DDA Nagrik Awaas Yojana 2026 - reg Circular dated 29.09.2026 - Extension of DDA Karmayogi Awaas Yojana 2025 Circular dated 24.09.2026 - Launch of DDA JANTA AWAAS YOJANA Phase II 2026 - reg Corrigendum : Allotment of Car Parking Spaces to Allottees of MIG/2bhk and HIG/3bhk Flats under all Housing Schemes in ",FAIL,REJECT_NEGATIVE,NO_GEO,,NO_DATE,TRUE_NEGATIVE,DISPUTE,NEGATIVE_DISPUTE,,,,
task17-035,https://faridabad.nic.in/department/faridabad-metropolitan-development-authority-fmda,District Faridabad,https://faridabad.nic.in/,,Search Search Site Map Accessibility Links Accessibility Tools Color Contrast High Contrast High Contrast Normal Contrast Normal Contrast - Selected Highlight Links Highlight Links - Selected Invert Invert page colors Saturation Apply saturation Text Size Font Size Increase Font Size Increase Normal Font Normal Font - ,"Search Search Site Map Accessibility Links Accessibility Tools Color Contrast High Contrast High Contrast Normal Contrast Normal Contrast - Selected Highlight Links Highlight Links - Selected Invert Invert page colors Saturation Apply saturation Text Size Font Size Increase Font Size Increase Normal Font Normal Font - Selected Font Size Decrease Font Size Decrease Text Spacing Text Spacing Line Height Line Height Other Controls Big Cursor Big Cursor Hide Image Hide Image हिन्दी हरियाणा सरकार Goverment of Haryana जिला फरीदाबाद District Faridabad Menu Toggle More Home About District History Who’s Who Map of District Organisational Chart Administrative Setup DIvisional Commissioner, Faridabad Division Collectorate Subdivision & Blocks Village & Panchayats Demography Directory Telephone Directory Helpline Public Utilities Banks Colleges Blood Bank Hospitals Municipalities NGOs Universities Police Departments Municipal Corporation, Faridabad Police Department District Social Welfare Office District Election Office Agriculture Department Animal Husbandry Department Disaster Management Red Cross Society Election Tourism How to reach Places of Interest Tourist Places District Grievances Co",FAIL,REJECT_NEGATIVE,NO_GEO,,NO_DATE,TRUE_NEGATIVE,CRIME,NEGATIVE_CRIME,,,,
task17-036,https://faridabad.nic.in/department/faridabad-metropolitan-development-authority-fmda,District Social Welfare Office,https://faridabad.nic.in/district-social-welfare-office/,,Search Search Site Map Accessibility Links Accessibility Tools Color Contrast High Contrast High Contrast Normal Contrast Normal Contrast - Selected Highlight Links Highlight Links - Selected Invert Invert page colors Saturation Apply saturation Text Size Font Size Increase Font Size Increase Normal Font Normal Font - ,"Search Search Site Map Accessibility Links Accessibility Tools Color Contrast High Contrast High Contrast Normal Contrast Normal Contrast - Selected Highlight Links Highlight Links - Selected Invert Invert page colors Saturation Apply saturation Text Size Font Size Increase Font Size Increase Normal Font Normal Font - Selected Font Size Decrease Font Size Decrease Text Spacing Text Spacing Line Height Line Height Other Controls Big Cursor Big Cursor Hide Image Hide Image हिन्दी हरियाणा सरकार Goverment of Haryana जिला फरीदाबाद District Faridabad Menu Toggle More Home About District History Who’s Who Map of District Organisational Chart Administrative Setup DIvisional Commissioner, Faridabad Division Collectorate Subdivision & Blocks Village & Panchayats Demography Directory Telephone Directory Helpline Public Utilities Banks Colleges Blood Bank Hospitals Municipalities NGOs Universities Police Departments Municipal Corporation, Faridabad Police Department District Social Welfare Office District Election Office Agriculture Department Animal Husbandry Department Disaster Management Red Cross Society Election Tourism How to reach Places of Interest Tourist Places District Grievances Co",FAIL,REJECT_NEGATIVE,NO_GEO,,NO_DATE,TRUE_NEGATIVE,CRIME,NEGATIVE_CRIME,,,,
task17-037,https://gnida.up.gov.in/en/announcements,Error Page,https://gnida.up.gov.in/en/en/feature/group-housing-public-notices-and-office-orders,,Accessbility Tool Accessbility Tool Close 🗣️ Text to Speech Increase Font Decrease Font Letter Spacing Increase Letter Spacing Decrease Line Height Increase Line Height Decrease Toggle Images Grayscale Images Underline Links Default Theme Dark Theme Low Theme Reset Skip to Main Content Screen Reader Access Sitemap (+9,"Accessbility Tool Accessbility Tool Close 🗣️ Text to Speech Increase Font Decrease Font Letter Spacing Increase Letter Spacing Decrease Line Height Increase Line Height Decrease Toggle Images Grayscale Images Underline Links Default Theme Dark Theme Low Theme Reset Skip to Main Content Screen Reader Access Sitemap (+91 120) 2336046 , 47, 48, 49 (+91) 8800203912 हिन्दी संस्करण Search Greater Noida Industrial Development Authority *GREATER NOIDA CITY-PLANNED WITH AN OBSESSION* Helpline No. (+91) 7982300721 HomeAbout UsAbout DepartmentProfileMission / VisionInvest in Greater NoidaOrganization StructureKey Management PersonsDepartmentsInstitutionalIntroductionAvenues for InvestmentAllotment ProcedureExisting Institutional InvestorsPublic Notices & Office OrdersIndustrialIntroductionSuperiority over GurugramAllotment ProcedureList of Documents required for Sanction & Completion of Industrial Building PlansExisting IndustriesRestricted IndustriesIndustrial Plot Allotment from 1 April 2015 to 7 Sep 2017Vacant Industry Plot List (7 Oct 2020)List of Non-Executive/Non-Functional IndustriesBuilding Plan Approval & Occupancy CertificatesPublic Notices & Office OrdersResidentialIntroductionAdv",FAIL,REJECT_NEGATIVE,NO_GEO,,NO_DATE,UNCERTAIN,requires human interpretation,NEGATIVE_OTHER,,,,
task17-038,https://gnida.up.gov.in/en/announcements,Error Page,https://gnida.up.gov.in/en/en/feature/hrd-public-notices-and-office-orders,,Accessbility Tool Accessbility Tool Close 🗣️ Text to Speech Increase Font Decrease Font Letter Spacing Increase Letter Spacing Decrease Line Height Increase Line Height Decrease Toggle Images Grayscale Images Underline Links Default Theme Dark Theme Low Theme Reset Skip to Main Content Screen Reader Access Sitemap (+9,"Accessbility Tool Accessbility Tool Close 🗣️ Text to Speech Increase Font Decrease Font Letter Spacing Increase Letter Spacing Decrease Line Height Increase Line Height Decrease Toggle Images Grayscale Images Underline Links Default Theme Dark Theme Low Theme Reset Skip to Main Content Screen Reader Access Sitemap (+91 120) 2336046 , 47, 48, 49 (+91) 8800203912 हिन्दी संस्करण Search Greater Noida Industrial Development Authority *GREATER NOIDA CITY-PLANNED WITH AN OBSESSION* Helpline No. (+91) 7982300721 HomeAbout UsAbout DepartmentProfileMission / VisionInvest in Greater NoidaOrganization StructureKey Management PersonsDepartmentsInstitutionalIntroductionAvenues for InvestmentAllotment ProcedureExisting Institutional InvestorsPublic Notices & Office OrdersIndustrialIntroductionSuperiority over GurugramAllotment ProcedureList of Documents required for Sanction & Completion of Industrial Building PlansExisting IndustriesRestricted IndustriesIndustrial Plot Allotment from 1 April 2015 to 7 Sep 2017Vacant Industry Plot List (7 Oct 2020)List of Non-Executive/Non-Functional IndustriesBuilding Plan Approval & Occupancy CertificatesPublic Notices & Office OrdersResidentialIntroductionAdv",FAIL,REJECT_NEGATIVE,NO_GEO,,NO_DATE,UNCERTAIN,requires human interpretation,NEGATIVE_OTHER,,,,
task17-039,https://realty.economictimes.indiatimes.com/news/residential,News,https://realty.economictimes.indiatimes.com/news/,,Login Get App News RegulatoryCommercialCementTechnologyIndustryResidentialInfrastructureRERAHousing FinanceAllied IndustriesView all News Exclusives Leaders Speak Events Awards Webinars Brand Solutions More Newsletters MasterClasses About Us Contact Us Advertise With Us Search Regulatory Industry RERA Commercial Reside,"Login Get App News RegulatoryCommercialCementTechnologyIndustryResidentialInfrastructureRERAHousing FinanceAllied IndustriesView all News Exclusives Leaders Speak Events Awards Webinars Brand Solutions More Newsletters MasterClasses About Us Contact Us Advertise With Us Search Regulatory Industry RERA Commercial Residential ETRealty TV Housing Finance Cities Mumbai Delhi-NCR Bengaluru Chennai Hyderabad Pune Kolkata Gurugram Noida Ahmedabad Navi Mumbai Thane Chandigarh Lucknow Nagpur Nashik Jaipur Coimbatore Indore Thiruvananthapuram Visakhapatnam Ludhiana Bhubaneswar More CementInfrastructureRetailHospitalityInternationalTechnologySmart CityStartupsPaintsLighting Integrated Campaigns Bespoke Events Advertorial Virtual Engagement Videos Digital Branding & Awareness More More var defaultImgUrl = ''; var productPages = ''; var layer2 = document.querySelectorAll('.top-secondary-nav a, .top-secondary-nav span'); let moreElm = document.querySelector('.nav-more-options .nav_column'); layer2ElmWid = 0; if (moreElm && !productPages) { layer2.forEach((curr) => { try { layer2ElmWid += curr.offsetWidth; if (layer2ElmWid >= 750) { moreElm?.append(curr); } } catch (e) {} }); } var portalThemeCol",FAIL,REJECT_NEGATIVE,NO_GEO,,NO_DATE,TRUE_NEGATIVE,CRIME,REVIEW_PATTERN,,,,
task17-040,https://www.bda.gov.in/notice,BDA :: Bhubaneswar Development Authority,https://www.bda.gov.in/archiveNotice,,"Toggle navigation A- A A+ Apply For Subhadra Yojana Download Screen Reader Officer Portal About BDA Background Departments Organization Structure Contacts Projects Planning Engineering Estate Horticulture Notices Advertisement Notices Gazette Notifications Office Order Proceedings Acts, Policies & Regulation Tenders Te","Toggle navigation A- A A+ Apply For Subhadra Yojana Download Screen Reader Officer Portal About BDA Background Departments Organization Structure Contacts Projects Planning Engineering Estate Horticulture Notices Advertisement Notices Gazette Notifications Office Order Proceedings Acts, Policies & Regulation Tenders Tenders /RFP Auction e-Auction e-Office Portal Building Plan Online Post Allotment Services Apply for Lease-deed Apply for NOC Apply for Transfer of asset Apply for Free-Hold View Approved List Officer Portal function filterSubmit() { var errFlag = 0; var data = $('#keyword').val(); var fromdate = $('#fromDate').val(); var todate = $('#toDate').val(); var iChars = ""!`@#$%^&*()+=-[]\\\';,./{}|\"":<>?~_""; if (data != '') { for (var i = 0; i < data.length; i++) { if (iChars.indexOf(data.charAt(i)) != -1) { $('#errKeyword').html('Special characters are not allowed'); //document.getElementById(""keyword"").value = """"; $('#keyword').val(''); //return false; errFlag = 1; } } } if (todate != '' && fromdate == '') { $('#errTo').html('From date cannot be left blank'); $('#todate').val(''); errFlag = 1; } if ((Date.parse(fromdate) >= Date.parse(todate))) { $('#errTo').html('To date s",FAIL,REJECT_NEGATIVE,NO_GEO,,NO_DATE,TRUE_NEGATIVE,COURT,NEGATIVE_COURT,,,,
task17-041,https://www.cial.aero/News-Updates/URL,News Updates,https://www.cial.aero/news-Updates/0484aerolounge,,Flight Arrivals Departures Facilities Meet and Greet Parking Airport Lounges Self baggage drop Baggage wrapping Lost and Found Next + Previous - Grievance Transportation Cloak Room Vaccination Helpdesk Pets Other Facilities Medical Rooms DigiYatra Buggy Service CIASL Business Centre 0484 Aero Lounge Taj Cochin Internat,"Flight Arrivals Departures Facilities Meet and Greet Parking Airport Lounges Self baggage drop Baggage wrapping Lost and Found Next + Previous - Grievance Transportation Cloak Room Vaccination Helpdesk Pets Other Facilities Medical Rooms DigiYatra Buggy Service CIASL Business Centre 0484 Aero Lounge Taj Cochin International Airport Airport Info Airport Infrastructure Traffic Information Connectivity Map Passenger Terminals Technical Information Operating Airlines Airport Charges Security ARFF Web Checkin CIAL Safety Policy Commercials Convention centre Film shooting Events Shop, Dine, Relax Golf & Events Others About Us Contact Us Pressroom Creatives Tenders Career Cargo × Corporate Facilities Before you fly Corporate Facilities Before you fly News Updates CIAL’s 0484 Aero Lounge now open for bookings The 0484 Aero Lounge, located at Terminal 2 of Cochin International Airport, is now open for bookings. Inaugurated on September 1, the lounge offers 41 guest rooms available for travellers and visitors starting on Monday, October 21. Guests can book rooms in flexible packages of 6, 12 and 24 hours at flexi and affordable rates. In addition to guest rooms, bookings are also open for a ",FAIL,REJECT_NEGATIVE,NO_GEO,,NO_DATE,TRUE_NEGATIVE,COURT,REVIEW_PATTERN,,,,
task17-042,https://www.cial.aero/News-Updates/URL,News Updates,https://www.cial.aero/news-Updates/10millionpassengersinthirdconsecutiveyear,,Flight Arrivals Departures Facilities Meet and Greet Parking Airport Lounges Self baggage drop Baggage wrapping Lost and Found Next + Previous - Grievance Transportation Cloak Room Vaccination Helpdesk Pets Other Facilities Medical Rooms DigiYatra Buggy Service CIASL Business Centre 0484 Aero Lounge Taj Cochin Internat,"Flight Arrivals Departures Facilities Meet and Greet Parking Airport Lounges Self baggage drop Baggage wrapping Lost and Found Next + Previous - Grievance Transportation Cloak Room Vaccination Helpdesk Pets Other Facilities Medical Rooms DigiYatra Buggy Service CIASL Business Centre 0484 Aero Lounge Taj Cochin International Airport Airport Info Airport Infrastructure Traffic Information Connectivity Map Passenger Terminals Technical Information Operating Airlines Airport Charges Security ARFF Web Checkin CIAL Safety Policy Commercials Convention centre Film shooting Events Shop, Dine, Relax Golf & Events Others About Us Contact Us Pressroom Creatives Tenders Career Cargo × Corporate Facilities Before you fly Corporate Facilities Before you fly News Updates CIAL maintains 10 million plus passenger milestone for the third consecutive year Cochin International Airport Limited (CIAL) has once again reaffirmed its position as Kerala’s leading airport operator by handling over 10 million passengers for the third consecutive year, marking a significant milestone in its sustained growth trajectory. During the period from January to December 2025, CIAL handled a total of 1,15,19,356 passeng",FAIL,REJECT_NEGATIVE,NO_GEO,,NO_DATE,TRUE_NEGATIVE,COURT,REVIEW_PATTERN,,,,
task17-043,https://cci.gov.in/combination/green-channel-view,"Competition Commission of India, Government of India",https://cci.gov.in/combination/orders-section31,,".navigation{ margin-top:0px!important;} .menuIcon, .closeIcon{ padding: 25px 25px; margin:30px 0px 0px;} .slideshow { margin: 113px 0px 0px; } .top{ height: 30px; padding: 0px 80px 0 50px; font-size: 11px; } .top ul{ list-style:none; } .top ul li { float: left; text-transform: uppercase; /*padding: 0 10px;*/ } .top ul ",".navigation{ margin-top:0px!important;} .menuIcon, .closeIcon{ padding: 25px 25px; margin:30px 0px 0px;} .slideshow { margin: 113px 0px 0px; } .top{ height: 30px; padding: 0px 80px 0 50px; font-size: 11px; } .top ul{ list-style:none; } .top ul li { float: left; text-transform: uppercase; /*padding: 0 10px;*/ } .top ul > li > a { font-size:120%; padding: 5px; } .top ul li.hover a { opacity: 1; background: #d9d9d9; } .dropbtn { border: none; cursor: pointer; } .dropdown { position: relative; display: inline-block; } .dropdown-content { display: none; position: absolute; background-color: #eee; z-index: 1; top: 30px; } .dropdown-content a { color: black; text-decoration: none; display: block; float: none; border: none; margin-right: 0px; min-width: 36px; } .dropdown-content a:hover {background-color: #ddd; color: #000;} .dropdown:hover .dropdown-content { display: block; } .dropdown:hover .dropbtn { background-color: #eee; } .searchBox{ width: 350px; right: 44px; bottom: -13px; top: -5px; } .searchBox::before{ border-color: transparent transparent transparent #002268; top: 18px; right: -13px; } .btn{ padding: 10px 10px; } .form-control-input { padding: 10px 10px; } .header { padding:7",FAIL,PASS,NO_GEO,,NO_DATE,UNCERTAIN,requires human interpretation,REVIEW_PATTERN,,,,
task17-044,https://cci.gov.in/combination/green-channel-view,"Competition Commission of India, Government of India",https://cci.gov.in/combination/orders-section43a_44,,".navigation{ margin-top:0px!important;} .menuIcon, .closeIcon{ padding: 25px 25px; margin:30px 0px 0px;} .slideshow { margin: 113px 0px 0px; } .top{ height: 30px; padding: 0px 80px 0 50px; font-size: 11px; } .top ul{ list-style:none; } .top ul li { float: left; text-transform: uppercase; /*padding: 0 10px;*/ } .top ul ",".navigation{ margin-top:0px!important;} .menuIcon, .closeIcon{ padding: 25px 25px; margin:30px 0px 0px;} .slideshow { margin: 113px 0px 0px; } .top{ height: 30px; padding: 0px 80px 0 50px; font-size: 11px; } .top ul{ list-style:none; } .top ul li { float: left; text-transform: uppercase; /*padding: 0 10px;*/ } .top ul > li > a { font-size:120%; padding: 5px; } .top ul li.hover a { opacity: 1; background: #d9d9d9; } .dropbtn { border: none; cursor: pointer; } .dropdown { position: relative; display: inline-block; } .dropdown-content { display: none; position: absolute; background-color: #eee; z-index: 1; top: 30px; } .dropdown-content a { color: black; text-decoration: none; display: block; float: none; border: none; margin-right: 0px; min-width: 36px; } .dropdown-content a:hover {background-color: #ddd; color: #000;} .dropdown:hover .dropdown-content { display: block; } .dropdown:hover .dropbtn { background-color: #eee; } .searchBox{ width: 350px; right: 44px; bottom: -13px; top: -5px; } .searchBox::before{ border-color: transparent transparent transparent #002268; top: 18px; right: -13px; } .btn{ padding: 10px 10px; } .form-control-input { padding: 10px 10px; } .header { padding:7",FAIL,PASS,NO_GEO,,NO_DATE,UNCERTAIN,requires human interpretation,REVIEW_PATTERN,,,,
task17-045,https://www.hprera.in,HP RERA News,https://hprera.in/,,"Skip to content Independent Property, Housing & Policy Publication About Editorial Policy Contact HP RERA News Menu Menu Sample Page Independent This publication is not affiliated with HP RERA, the Government of Himachal Pradesh, or any government department. Uncategorized Hello world! Welcome to WordPress. This is you","Skip to content Independent Property, Housing & Policy Publication About Editorial Policy Contact HP RERA News Menu Menu Sample Page Independent This publication is not affiliated with HP RERA, the Government of Himachal Pradesh, or any government department. Uncategorized Hello world! Welcome to WordPress. This is your first post. Edit or delete it, then start writing! August 2, 2026Gurmeet Latest Updates Real Estate News Publish posts in the “Real Estate News” category to populate this section. RERA & Buyer Rights Publish posts in the “RERA & Buyer Rights” category to populate this section. Housing Schemes Publish posts in the “Housing Schemes” category to populate this section. Property Documents & Taxes Publish posts in the “Property Documents & Taxes” category to populate this section. Home Loans & Finance View all → Publish posts in the “Home Loans & Finance” category to populate this section. Property Markets Publish posts in the “Property Markets” category to populate this section. Property updates without the noise. A concise weekly briefing on housing rules, buyer rights, documentation and finance. Email address Connect newsletter © 2026 HPRERA Journal. Independent public",FAIL,PASS,NO_GEO,,NO_DATE,UNCERTAIN,requires human interpretation,REVIEW_PATTERN,,,,
task17-046,https://infra.economictimes.indiatimes.com/rss/construction,"SAIL flies in Mongolian coking coal as it seeks new supplies, sources say",https://infra.economictimes.indiatimes.com/news/construction/sail-flies-in-mongolian-coking-coal-as-it-seeks-new-supplies-sources-say/134593389,2026-09-30T11:55:43.000Z,Login Get App News Roads and HighwaysUrban InfrastructureEnergyConstructionWater RailwaysTelecomUrban TransportationCorporateRural InfrastructureAviationPorts and ShippingEconomyLogisticsView all News Events Awards Webinars Leaders Speak Brand Solutions More Newsletters MasterClasses About Us Contact Us Advertise With ,"Login Get App News Roads and HighwaysUrban InfrastructureEnergyConstructionWater RailwaysTelecomUrban TransportationCorporateRural InfrastructureAviationPorts and ShippingEconomyLogisticsView all News Events Awards Webinars Leaders Speak Brand Solutions More Newsletters MasterClasses About Us Contact Us Advertise With Us Search Roads and Highways Railways Aviation Ports and Shipping Urban Infrastructure Urban Transportation Construction Infra TV More EnergyTelecom Integrated Campaigns Bespoke Events Advertorial Virtual Engagement Videos Digital Branding & Awareness More More var defaultImgUrl = ''; var productPages = ''; var layer2 = document.querySelectorAll('.top-secondary-nav a, .top-secondary-nav span'); let moreElm = document.querySelector('.nav-more-options .nav_column'); layer2ElmWid = 0; if (moreElm && !productPages) { layer2.forEach((curr) => { try { layer2ElmWid += curr.offsetWidth; if (layer2ElmWid >= 750) { moreElm?.append(curr); } } catch (e) {} }); } var portalThemeColor = '' ? 'portalThemeColor' : 'noportal-color'; document.querySelector('body')?.classList?.add(portalThemeColor); .sticky .site-header__logo img { width:101px;height:34px;margin-top:-8px; } @media only ",FAIL,PASS,NO_GEO,,QUALITY,UNCERTAIN,requires human interpretation,REVIEW_PATTERN,,,,
task17-047,https://infra.economictimes.indiatimes.com/rss/corporate,Tata Trusts seeks hearing on Venu Srinivasan&#039;s complaint before charity commissioner,https://infra.economictimes.indiatimes.com/news/corporate/tata-trusts-seeks-hearing-on-venu-srinivasans-complaint-before-charity-commissioner/134606711,2026-10-01T02:47:41.000Z,Login Get App News Roads and HighwaysUrban InfrastructureEnergyConstructionWater RailwaysTelecomUrban TransportationCorporateRural InfrastructureAviationPorts and ShippingEconomyLogisticsView all News Events Awards Webinars Leaders Speak Brand Solutions More Newsletters MasterClasses About Us Contact Us Advertise With ,"Login Get App News Roads and HighwaysUrban InfrastructureEnergyConstructionWater RailwaysTelecomUrban TransportationCorporateRural InfrastructureAviationPorts and ShippingEconomyLogisticsView all News Events Awards Webinars Leaders Speak Brand Solutions More Newsletters MasterClasses About Us Contact Us Advertise With Us Search Roads and Highways Railways Aviation Ports and Shipping Urban Infrastructure Urban Transportation Construction Infra TV More EnergyTelecom Integrated Campaigns Bespoke Events Advertorial Virtual Engagement Videos Digital Branding & Awareness More More var defaultImgUrl = ''; var productPages = ''; var layer2 = document.querySelectorAll('.top-secondary-nav a, .top-secondary-nav span'); let moreElm = document.querySelector('.nav-more-options .nav_column'); layer2ElmWid = 0; if (moreElm && !productPages) { layer2.forEach((curr) => { try { layer2ElmWid += curr.offsetWidth; if (layer2ElmWid >= 750) { moreElm?.append(curr); } } catch (e) {} }); } var portalThemeColor = '' ? 'portalThemeColor' : 'noportal-color'; document.querySelector('body')?.classList?.add(portalThemeColor); .sticky .site-header__logo img { width:101px;height:34px;margin-top:-8px; } @media only ",FAIL,PASS,NO_GEO,,QUALITY,UNCERTAIN,requires human interpretation,REVIEW_PATTERN,,,,
task17-048,https://infra.economictimes.indiatimes.com/rss/energy,"Dilip Buildcon divests stake in ₹6,263 crore solar portfolio to Alpha Alternatives",https://infra.economictimes.indiatimes.com/news/energy/dilip-buildcon-divests-stake-in-6263-crore-solar-portfolio-to-alpha-alternatives/134389579,2026-09-21T12:20:07.000Z,Login Get App News Roads and HighwaysUrban InfrastructureEnergyConstructionWater RailwaysTelecomUrban TransportationCorporateRural InfrastructureAviationPorts and ShippingEconomyLogisticsView all News Events Awards Webinars Leaders Speak Brand Solutions More Newsletters MasterClasses About Us Contact Us Advertise With ,"Login Get App News Roads and HighwaysUrban InfrastructureEnergyConstructionWater RailwaysTelecomUrban TransportationCorporateRural InfrastructureAviationPorts and ShippingEconomyLogisticsView all News Events Awards Webinars Leaders Speak Brand Solutions More Newsletters MasterClasses About Us Contact Us Advertise With Us Search Roads and Highways Railways Aviation Ports and Shipping Urban Infrastructure Urban Transportation Construction Infra TV More EnergyTelecom Integrated Campaigns Bespoke Events Advertorial Virtual Engagement Videos Digital Branding & Awareness More More var defaultImgUrl = ''; var productPages = ''; var layer2 = document.querySelectorAll('.top-secondary-nav a, .top-secondary-nav span'); let moreElm = document.querySelector('.nav-more-options .nav_column'); layer2ElmWid = 0; if (moreElm && !productPages) { layer2.forEach((curr) => { try { layer2ElmWid += curr.offsetWidth; if (layer2ElmWid >= 750) { moreElm?.append(curr); } } catch (e) {} }); } var portalThemeColor = '' ? 'portalThemeColor' : 'noportal-color'; document.querySelector('body')?.classList?.add(portalThemeColor); .sticky .site-header__logo img { width:101px;height:34px;margin-top:-8px; } @media only ",FAIL,PASS,NO_GEO,,QUALITY,UNCERTAIN,requires human interpretation,REVIEW_PATTERN,,,,
task17-049,https://sipcotweb.tn.gov.in,SIPCOT,https://sipcotweb.tn.gov.in/Compendium_of_Circulars_and_Office_Orders,,044-45261777 tapals@sipcot.in Reach MD A+ A A- Application for Plots EOI for New PM MITRA Home About SIPCOT About Us SIPCOT Overview Board of Directors Members of Committees RTI Citizen Charter Reports Why SIPCOT ? Why to invest in SIPCOT ? SIPCOT Services SIPCOT Advantages Dashboards Land Allotment Dashboard Incentive,044-45261777 tapals@sipcot.in Reach MD A+ A A- Application for Plots EOI for New PM MITRA Home About SIPCOT About Us SIPCOT Overview Board of Directors Members of Committees RTI Citizen Charter Reports Why SIPCOT ? Why to invest in SIPCOT ? SIPCOT Services SIPCOT Advantages Dashboards Land Allotment Dashboard Incentives Dashboard NOC Dashboard Industrial Growth Corridor at SIPCOT Industrial Parks Industrial Parks Existing Industrial Parks Upcoming Industrial Parks Sector Specific Parks Land Information Land Allotment Procedure Land Details GIS Map Special Projects Special Projects Discover Us Focus Sector Gallery Country Desk Infrastructure Facilities Tenders Resources Resources Policies Recruitment FAQs Quick Links Blogs Office Orders / Circulars Change in Management Sub Leasing / Co-Sharing Charges Surrender Policy Rental and Usage Charges Maintenance Charges Allotment Order Lease Deed Office Orders / Circulars Penalty Charges Plug and Play Compendium of Circulars and Office Orders OTS Policy NOC Track Rent Environment Management Environmental Clearance Compliance Reports Environment Policy Logins Contact Us Contact Us Contact Us Enquiry Now Reach Officers Appointment Land Inspec,FAIL,PASS,NO_GEO,,NO_DATE,UNCERTAIN,requires human interpretation,REVIEW_PATTERN,,,,
task17-050,https://sipcotweb.tn.gov.in,SIPCOT,https://sipcotweb.tn.gov.in/Sub_leasing,,044-45261777 tapals@sipcot.in Reach MD A+ A A- Application for Plots EOI for New PM MITRA Home About SIPCOT About Us SIPCOT Overview Board of Directors Members of Committees RTI Citizen Charter Reports Why SIPCOT ? Why to invest in SIPCOT ? SIPCOT Services SIPCOT Advantages Dashboards Land Allotment Dashboard Incentive,044-45261777 tapals@sipcot.in Reach MD A+ A A- Application for Plots EOI for New PM MITRA Home About SIPCOT About Us SIPCOT Overview Board of Directors Members of Committees RTI Citizen Charter Reports Why SIPCOT ? Why to invest in SIPCOT ? SIPCOT Services SIPCOT Advantages Dashboards Land Allotment Dashboard Incentives Dashboard NOC Dashboard Industrial Growth Corridor at SIPCOT Industrial Parks Industrial Parks Existing Industrial Parks Upcoming Industrial Parks Sector Specific Parks Land Information Land Allotment Procedure Land Details GIS Map Special Projects Special Projects Discover Us Focus Sector Gallery Country Desk Infrastructure Facilities Tenders Resources Resources Policies Recruitment FAQs Quick Links Blogs Office Orders / Circulars Change in Management Sub Leasing / Co-Sharing Charges Surrender Policy Rental and Usage Charges Maintenance Charges Allotment Order Lease Deed Office Orders / Circulars Penalty Charges Plug and Play Compendium of Circulars and Office Orders OTS Policy NOC Track Rent Environment Management Environmental Clearance Compliance Reports Environment Policy Logins Contact Us Contact Us Contact Us Enquiry Now Reach Officers Appointment Land Inspec,FAIL,PASS,NO_GEO,,NO_DATE,UNCERTAIN,requires human interpretation,REVIEW_PATTERN,,,,
task17-051,https://timesofindia.indiatimes.com/rssfeeds/-2128833038.cms,Why Bengaluru residents are pushing back against Airbnb-style stays in residential neighbourhoods,https://timesofindia.indiatimes.com/city/bengaluru/why-bengaluru-residents-are-pushing-back-against-airbnb-style-stays-in-residential-neighbourhoods/articleshow/134608252.cms,2026-10-01T04:52:11.000Z,EditionININUSGCCEnglishEnglishहिन्दीमराठीಕನ್ನಡதமிழ்বাংলাമലയാളംతెలుగుગુજરાતીWeatherSign InTOICitybengalurumumbaidelhiHyderabadkolkatachennaiCrime Newsagraagartalaahmedabadajmeramaravatiamritsarbareillybhubaneswarbhopalchandigarhchhatrapati sambhajinagarcoimbatorecuttackdehradunerodefaridabadghaziabadgoagurgaonguwahatihu,EditionININUSGCCEnglishEnglishहिन्दीमराठीಕನ್ನಡதமிழ்বাংলাമലയാളംతెలుగుગુજરાતીWeatherSign InTOICitybengalurumumbaidelhiHyderabadkolkatachennaiCrime Newsagraagartalaahmedabadajmeramaravatiamritsarbareillybhubaneswarbhopalchandigarhchhatrapati sambhajinagarcoimbatorecuttackdehradunerodefaridabadghaziabadgoagurgaonguwahatihubballiimphalindoreitanagarjaipurjammujamshedpurjodhpurkanpurkochikohimakolhapurkozhikodeludhianalucknowmaduraimangalurumeerutmumbai regionmysurunagpurnashiknavi mumbainoidapatnaprayagrajpuducherrypuneraipurrajkotranchithanesalemshillongshimlasrinagarsurattrichythiruvananthapuramudaipurvadodaravaranasivijayawadavisakhapatnamphotosWeb StoriesToday's ePaperLivephotosweatherKarnataka electionsNewsCity Newsbengaluru NewsWhy Bengaluru residents are pushing back against Airbnb-style stays in residential neighbourhoodsTrendingManipur ViolenceLakshadweepDrug SeizedIAS Rakesh AgrawalBombay High CourtMuskan RastogiMangaluru Refinery BlastManipur ViolenceLakshadweepDrug SeizedIAS Rakesh AgrawalBombay High CourtMuskan RastogiMangaluru Refinery BlastManipur ViolenceLakshadweepDrug SeizedIAS Rakesh AgrawalBombay High CourtMuskan RastogiMangaluru Refinery BlastWhy Bengaluru residents,FAIL,PASS,NO_GEO,,QUALITY,UNCERTAIN,requires human interpretation,REVIEW_PATTERN,,,,
task17-052,https://timesofindia.indiatimes.com/rssfeeds/-2128839596.cms,"Weather tomorrow: Heavy rain likely in TN, Kerala, Karnataka; gusty winds to hit Andhra, Odisha",https://timesofindia.indiatimes.com/city/delhi/weather-tomorrow-heavy-rain-likely-in-tn-kerala-karnataka-gusty-winds-to-hit-andhra-odisha/articleshow/134609406.cms,2026-10-01T06:00:16.000Z,EditionININUSGCCEnglishEnglishहिन्दीमराठीಕನ್ನಡதமிழ்বাংলাമലയാളംతెలుగుગુજરાતીWeatherSign InTOICitydelhimumbaibengaluruHyderabadkolkatachennaiCrime Newsagraagartalaahmedabadajmeramaravatiamritsarbareillybhubaneswarbhopalchandigarhchhatrapati sambhajinagarcoimbatorecuttackdehradunerodefaridabadghaziabadgoagurgaonguwahatihu,"EditionININUSGCCEnglishEnglishहिन्दीमराठीಕನ್ನಡதமிழ்বাংলাമലയാളംతెలుగుગુજરાતીWeatherSign InTOICitydelhimumbaibengaluruHyderabadkolkatachennaiCrime Newsagraagartalaahmedabadajmeramaravatiamritsarbareillybhubaneswarbhopalchandigarhchhatrapati sambhajinagarcoimbatorecuttackdehradunerodefaridabadghaziabadgoagurgaonguwahatihubballiimphalindoreitanagarjaipurjammujamshedpurjodhpurkanpurkochikohimakolhapurkozhikodeludhianalucknowmaduraimangalurumeerutmumbai regionmysurunagpurnashiknavi mumbainoidapatnaprayagrajpuducherrypuneraipurrajkotranchithanesalemshillongshimlasrinagarsurattrichythiruvananthapuramudaipurvadodaravaranasivijayawadavisakhapatnamphotosWeb StoriesToday's ePaperLivephotosweatherNewsCity Newsdelhi NewsWeather tomorrow: Heavy rain likely in TN, Kerala, Karnataka; gusty winds to hit Andhra, OdishaTrendingManipur ViolenceLakshadweepDrug SeizedIAS Rakesh AgrawalBombay High CourtMuskan RastogiMangaluru Refinery BlastManipur ViolenceLakshadweepDrug SeizedIAS Rakesh AgrawalBombay High CourtMuskan RastogiMangaluru Refinery BlastManipur ViolenceLakshadweepDrug SeizedIAS Rakesh AgrawalBombay High CourtMuskan RastogiMangaluru Refinery BlastWeather tomorrow: Heavy rain likely in TN, Keral",FAIL,PASS,NO_GEO,,QUALITY,UNCERTAIN,requires human interpretation,REVIEW_PATTERN,,,,
task17-053,https://timesofindia.indiatimes.com/rssfeeds/-2128830821.cms,"SIR tribunal judges refuse to log into new portal with Aadhaar, flag tweak in docu norm",https://timesofindia.indiatimes.com/city/kolkata/sir-tribunal-judges-refuse-to-log-into-new-portal-with-aadhaar-flag-tweak-in-docu-norm/articleshow/134602159.cms,2026-09-30T19:59:33.000Z,EditionININUSGCCEnglishEnglishहिन्दीमराठीಕನ್ನಡதமிழ்বাংলাമലയാളംతెలుగుગુજરાતીWeatherSign InTOICitykolkatamumbaidelhibengaluruHyderabadchennaiCrime Newsagraagartalaahmedabadajmeramaravatiamritsarbareillybhubaneswarbhopalchandigarhchhatrapati sambhajinagarcoimbatorecuttackdehradunerodefaridabadghaziabadgoagurgaonguwahatihu,"EditionININUSGCCEnglishEnglishहिन्दीमराठीಕನ್ನಡதமிழ்বাংলাമലയാളംతెలుగుગુજરાતીWeatherSign InTOICitykolkatamumbaidelhibengaluruHyderabadchennaiCrime Newsagraagartalaahmedabadajmeramaravatiamritsarbareillybhubaneswarbhopalchandigarhchhatrapati sambhajinagarcoimbatorecuttackdehradunerodefaridabadghaziabadgoagurgaonguwahatihubballiimphalindoreitanagarjaipurjammujamshedpurjodhpurkanpurkochikohimakolhapurkozhikodeludhianalucknowmaduraimangalurumeerutmumbai regionmysurunagpurnashiknavi mumbainoidapatnaprayagrajpuducherrypuneraipurrajkotranchithanesalemshillongshimlasrinagarsurattrichythiruvananthapuramudaipurvadodaravaranasivijayawadavisakhapatnamphotosWeb StoriesToday's ePaperLiveWB electionsphotosweatherNewsCity Newskolkata NewsSIR tribunal judges refuse to log into new portal with Aadhaar, flag tweak in docu normTrendingDhanraj NathwaniGujarat Drug SeizedRaipur MurderRaipur Police Wife MurderMeerut Mosque DisputePradeep Purnekar MurderDhanraj NathwaniGujarat Drug SeizedRaipur MurderRaipur Police Wife MurderMeerut Mosque DisputePradeep Purnekar MurderDhanraj NathwaniGujarat Drug SeizedRaipur MurderRaipur Police Wife MurderMeerut Mosque DisputePradeep Purnekar MurderSIR tribunal judges refu",FAIL,PASS,NO_GEO,,QUALITY,UNCERTAIN,requires human interpretation,REVIEW_PATTERN,,,,
task17-054,https://timesofindia.indiatimes.com/rssfeeds/-2128936835.cms,‘Voices against electoral 'capture' getting louder': Congress targets EC over SIR,https://timesofindia.indiatimes.com/india/voices-against-electoral-capture-getting-louder-congress-targets-ec-over-sir/articleshow/134608784.cms,2026-10-01T05:28:52.000Z,EditionININUSGCCEnglishEnglishहिन्दीमराठीಕನ್ನಡதமிழ்বাংলাമലയാളംతెలుగుગુજરાતીWeatherSign InTOIindiaGadgets NowUrban SafetyMaharashtraDelhiKarnatakaTelanganaWest BengalTamil NaduAndhra PradeshUttar PradeshGujaratRajasthanPunjabOdishaMadhya PradeshHaryanaTripuraUttarakhandBiharKeralaAssamArunachal PradeshManipurChhattisgar,"EditionININUSGCCEnglishEnglishहिन्दीमराठीಕನ್ನಡதமிழ்বাংলাമലയാളംతెలుగుગુજરાતીWeatherSign InTOIindiaGadgets NowUrban SafetyMaharashtraDelhiKarnatakaTelanganaWest BengalTamil NaduAndhra PradeshUttar PradeshGujaratRajasthanPunjabOdishaMadhya PradeshHaryanaTripuraUttarakhandBiharKeralaAssamArunachal PradeshManipurChhattisgarhJammu KashmirNagalandJharkhandMeghalayaHimachal PradeshWeb StoriesDigital ArrestOperation SindoorCancel PatriarchyLets D StressRaksha BandhanJanmashtamiToday's ePaperLiveNewsIndia News‘Voices against electoral 'capture' getting louder': Congress targets EC over SIRTrendingAsian Games ScheduleAsian Games Medal TallyAsian Games 2026LPG Price HikeGautam GambhirAkhilesh YadavIran War NewsDhanraj ParimalPM ModiUmar KhalidAsian Games ScheduleAsian Games Medal TallyAsian Games 2026LPG Price HikeGautam GambhirAkhilesh YadavIran War NewsDhanraj ParimalPM ModiUmar KhalidAsian Games ScheduleAsian Games Medal TallyAsian Games 2026LPG Price HikeGautam GambhirAkhilesh YadavIran War NewsDhanraj ParimalPM ModiUmar Khalid‘Voices against electoral 'capture' getting louder': Congress targets EC over SIREdited by: Priyanka Jaiswal / TIMESOFINDIA.COM / Oct 01, 2026, 10:58 ISTSaveComments",FAIL,PASS,NO_GEO,,QUALITY,UNCERTAIN,requires human interpretation,REVIEW_PATTERN,,,,
task17-055,https://www.cci.gov.in/combination/orders-section31,"Competition Commission of India, Government of India",https://www.cci.gov.in/combination/cases-approved-with-modification,,".navigation{ margin-top:0px!important;} .menuIcon, .closeIcon{ padding: 25px 25px; margin:30px 0px 0px;} .slideshow { margin: 113px 0px 0px; } .top{ height: 30px; padding: 0px 80px 0 50px; font-size: 11px; } .top ul{ list-style:none; } .top ul li { float: left; text-transform: uppercase; /*padding: 0 10px;*/ } .top ul ",".navigation{ margin-top:0px!important;} .menuIcon, .closeIcon{ padding: 25px 25px; margin:30px 0px 0px;} .slideshow { margin: 113px 0px 0px; } .top{ height: 30px; padding: 0px 80px 0 50px; font-size: 11px; } .top ul{ list-style:none; } .top ul li { float: left; text-transform: uppercase; /*padding: 0 10px;*/ } .top ul > li > a { font-size:120%; padding: 5px; } .top ul li.hover a { opacity: 1; background: #d9d9d9; } .dropbtn { border: none; cursor: pointer; } .dropdown { position: relative; display: inline-block; } .dropdown-content { display: none; position: absolute; background-color: #eee; z-index: 1; top: 30px; } .dropdown-content a { color: black; text-decoration: none; display: block; float: none; border: none; margin-right: 0px; min-width: 36px; } .dropdown-content a:hover {background-color: #ddd; color: #000;} .dropdown:hover .dropdown-content { display: block; } .dropdown:hover .dropbtn { background-color: #eee; } .searchBox{ width: 350px; right: 44px; bottom: -13px; top: -5px; } .searchBox::before{ border-color: transparent transparent transparent #002268; top: 18px; right: -13px; } .btn{ padding: 10px 10px; } .form-control-input { padding: 10px 10px; } .header { padding:7",FAIL,PASS,NO_GEO,,NO_DATE,UNCERTAIN,requires human interpretation,REVIEW_PATTERN,,,,
task17-056,https://www.cci.gov.in/combination/press-release,"Competition Commission of India, Government of India",https://www.cci.gov.in/combination/orders-section31,,".navigation{ margin-top:0px!important;} .menuIcon, .closeIcon{ padding: 25px 25px; margin:30px 0px 0px;} .slideshow { margin: 113px 0px 0px; } .top{ height: 30px; padding: 0px 80px 0 50px; font-size: 11px; } .top ul{ list-style:none; } .top ul li { float: left; text-transform: uppercase; /*padding: 0 10px;*/ } .top ul ",".navigation{ margin-top:0px!important;} .menuIcon, .closeIcon{ padding: 25px 25px; margin:30px 0px 0px;} .slideshow { margin: 113px 0px 0px; } .top{ height: 30px; padding: 0px 80px 0 50px; font-size: 11px; } .top ul{ list-style:none; } .top ul li { float: left; text-transform: uppercase; /*padding: 0 10px;*/ } .top ul > li > a { font-size:120%; padding: 5px; } .top ul li.hover a { opacity: 1; background: #d9d9d9; } .dropbtn { border: none; cursor: pointer; } .dropdown { position: relative; display: inline-block; } .dropdown-content { display: none; position: absolute; background-color: #eee; z-index: 1; top: 30px; } .dropdown-content a { color: black; text-decoration: none; display: block; float: none; border: none; margin-right: 0px; min-width: 36px; } .dropdown-content a:hover {background-color: #ddd; color: #000;} .dropdown:hover .dropdown-content { display: block; } .dropdown:hover .dropbtn { background-color: #eee; } .searchBox{ width: 350px; right: 44px; bottom: -13px; top: -5px; } .searchBox::before{ border-color: transparent transparent transparent #002268; top: 18px; right: -13px; } .btn{ padding: 10px 10px; } .form-control-input { padding: 10px 10px; } .header { padding:7",FAIL,PASS,NO_GEO,,NO_DATE,UNCERTAIN,requires human interpretation,REVIEW_PATTERN,,,,
task17-057,https://www.cci.gov.in/combination/orders-section31,"Competition Commission of India, Government of India",https://www.cci.gov.in/combination/orders-section43a_44,,".navigation{ margin-top:0px!important;} .menuIcon, .closeIcon{ padding: 25px 25px; margin:30px 0px 0px;} .slideshow { margin: 113px 0px 0px; } .top{ height: 30px; padding: 0px 80px 0 50px; font-size: 11px; } .top ul{ list-style:none; } .top ul li { float: left; text-transform: uppercase; /*padding: 0 10px;*/ } .top ul ",".navigation{ margin-top:0px!important;} .menuIcon, .closeIcon{ padding: 25px 25px; margin:30px 0px 0px;} .slideshow { margin: 113px 0px 0px; } .top{ height: 30px; padding: 0px 80px 0 50px; font-size: 11px; } .top ul{ list-style:none; } .top ul li { float: left; text-transform: uppercase; /*padding: 0 10px;*/ } .top ul > li > a { font-size:120%; padding: 5px; } .top ul li.hover a { opacity: 1; background: #d9d9d9; } .dropbtn { border: none; cursor: pointer; } .dropdown { position: relative; display: inline-block; } .dropdown-content { display: none; position: absolute; background-color: #eee; z-index: 1; top: 30px; } .dropdown-content a { color: black; text-decoration: none; display: block; float: none; border: none; margin-right: 0px; min-width: 36px; } .dropdown-content a:hover {background-color: #ddd; color: #000;} .dropdown:hover .dropdown-content { display: block; } .dropdown:hover .dropbtn { background-color: #eee; } .searchBox{ width: 350px; right: 44px; bottom: -13px; top: -5px; } .searchBox::before{ border-color: transparent transparent transparent #002268; top: 18px; right: -13px; } .btn{ padding: 10px 10px; } .form-control-input { padding: 10px 10px; } .header { padding:7",FAIL,PASS,NO_GEO,,NO_DATE,UNCERTAIN,requires human interpretation,REVIEW_PATTERN,,,,
task17-058,https://www.hindustantimes.com/feeds/rss/cities/lucknow-news/rssfeed.xml,Stray dog menace on PGI campus despite apex court directions,https://www.hindustantimes.com/cities/lucknow-news/stray-dog-menace-on-pgi-campus-despite-apex-court-directions-101790795565746.html,2026-10-01T02:24:20.000Z,"(function () { var guardedLinkSelector = 'a[target=""_blank""], a[target=""_parent""], a[target=""_top""], .author-name a'; // Scope the listener to the article body so clicks on the header, // nav, footer, sidebar and ads never hit this handler at all. var root = document.querySelector('.storyBody') || document.body; functi","(function () { var guardedLinkSelector = 'a[target=""_blank""], a[target=""_parent""], a[target=""_top""], .author-name a'; // Scope the listener to the article body so clicks on the header, // nav, footer, sidebar and ads never hit this handler at all. var root = document.querySelector('.storyBody') || document.body; function stopOutboundLinkPropagation(event) { // Bail as cheaply as possible on non-element targets. var target = event.target; if (!target || target.nodeType !== 1) { if (target && target.nodeType === 3) target = target.parentElement; if (!target || target.nodeType !== 1) return; } // One closest() with the full selector does the same job as // closest('a') + matches(guardedLinkSelector), in one DOM walk. var guardedLink = target.closest(guardedLinkSelector); if (!guardedLink) return; // Guard against javascript: / empty hrefs. var href = guardedLink.getAttribute('href'); if (!href || href.indexOf('javascript:') === 0) return; event.stopPropagation(); } // Capture phase: required to actually precede React/Next.js // synthetic handlers, which are attached at the React root. root.addEventListener('click', stopOutboundLinkPropagation, true); })(); {""@context"":""https://schema.",FAIL,PASS,NO_GEO,,QUALITY,UNCERTAIN,requires human interpretation,REVIEW_PATTERN,,,,
task17-059,https://www.hindustantimes.com/feeds/rss/cities/noida-news/rssfeed.xml,Yeida plans  ₹4.5cr landmark entry gate near Yamuna Expressway,https://www.hindustantimes.com/cities/noida-news/yeida-plans-4-5cr-landmark-entry-gate-near-yamuna-expressway-101790793601245.html,2026-10-01T02:15:20.000Z,"(function () { var guardedLinkSelector = 'a[target=""_blank""], a[target=""_parent""], a[target=""_top""], .author-name a'; // Scope the listener to the article body so clicks on the header, // nav, footer, sidebar and ads never hit this handler at all. var root = document.querySelector('.storyBody') || document.body; functi","(function () { var guardedLinkSelector = 'a[target=""_blank""], a[target=""_parent""], a[target=""_top""], .author-name a'; // Scope the listener to the article body so clicks on the header, // nav, footer, sidebar and ads never hit this handler at all. var root = document.querySelector('.storyBody') || document.body; function stopOutboundLinkPropagation(event) { // Bail as cheaply as possible on non-element targets. var target = event.target; if (!target || target.nodeType !== 1) { if (target && target.nodeType === 3) target = target.parentElement; if (!target || target.nodeType !== 1) return; } // One closest() with the full selector does the same job as // closest('a') + matches(guardedLinkSelector), in one DOM walk. var guardedLink = target.closest(guardedLinkSelector); if (!guardedLink) return; // Guard against javascript: / empty hrefs. var href = guardedLink.getAttribute('href'); if (!href || href.indexOf('javascript:') === 0) return; event.stopPropagation(); } // Capture phase: required to actually precede React/Next.js // synthetic handlers, which are attached at the React root. root.addEventListener('click', stopOutboundLinkPropagation, true); })(); {""@context"":""https://schema.",FAIL,PASS,NO_GEO,,QUALITY,UNCERTAIN,requires human interpretation,REVIEW_PATTERN,,,,
task17-060,https://www.hindustantimes.com/feeds/rss/cities/patna-news/rssfeed.xml,Bihar: Gandak river embankments breach at two places amid heavy water discharge from barrages,https://www.hindustantimes.com/cities/patna-news/bihar-gandak-river-embankments-breach-at-two-places-amid-heavy-water-discharge-from-barrages-101790750459064.html,2026-09-30T06:40:58.000Z,"(function () { var guardedLinkSelector = 'a[target=""_blank""], a[target=""_parent""], a[target=""_top""], .author-name a'; // Scope the listener to the article body so clicks on the header, // nav, footer, sidebar and ads never hit this handler at all. var root = document.querySelector('.storyBody') || document.body; functi","(function () { var guardedLinkSelector = 'a[target=""_blank""], a[target=""_parent""], a[target=""_top""], .author-name a'; // Scope the listener to the article body so clicks on the header, // nav, footer, sidebar and ads never hit this handler at all. var root = document.querySelector('.storyBody') || document.body; function stopOutboundLinkPropagation(event) { // Bail as cheaply as possible on non-element targets. var target = event.target; if (!target || target.nodeType !== 1) { if (target && target.nodeType === 3) target = target.parentElement; if (!target || target.nodeType !== 1) return; } // One closest() with the full selector does the same job as // closest('a') + matches(guardedLinkSelector), in one DOM walk. var guardedLink = target.closest(guardedLinkSelector); if (!guardedLink) return; // Guard against javascript: / empty hrefs. var href = guardedLink.getAttribute('href'); if (!href || href.indexOf('javascript:') === 0) return; event.stopPropagation(); } // Capture phase: required to actually precede React/Next.js // synthetic handlers, which are attached at the React root. root.addEventListener('click', stopOutboundLinkPropagation, true); })(); {""@context"":""https://schema.",FAIL,PASS,NO_GEO,,QUALITY,UNCERTAIN,requires human interpretation,REVIEW_PATTERN,,,,
task17-061,https://infra.economictimes.indiatimes.com/rss/topstories,"PM Modi, Israeli PM Netanyahu hail Flydubai pilot Smit Machchhar after Saudi emergency landing",https://infra.economictimes.indiatimes.com/news/aviation/pm-modi-israeli-pm-netanyahu-hail-flydubai-pilot-smit-machchhar-after-saudi-emergency-landing/134607169,2026-10-01T03:18:48.000Z,Login Get App News Roads and HighwaysUrban InfrastructureEnergyConstructionWater RailwaysTelecomUrban TransportationCorporateRural InfrastructureAviationPorts and ShippingEconomyLogisticsView all News Events Awards Webinars Leaders Speak Brand Solutions More Newsletters MasterClasses About Us Contact Us Advertise With ,"Login Get App News Roads and HighwaysUrban InfrastructureEnergyConstructionWater RailwaysTelecomUrban TransportationCorporateRural InfrastructureAviationPorts and ShippingEconomyLogisticsView all News Events Awards Webinars Leaders Speak Brand Solutions More Newsletters MasterClasses About Us Contact Us Advertise With Us Search Roads and Highways Railways Aviation Ports and Shipping Urban Infrastructure Urban Transportation Construction Infra TV More EnergyTelecom Integrated Campaigns Bespoke Events Advertorial Virtual Engagement Videos Digital Branding & Awareness More More var defaultImgUrl = ''; var productPages = ''; var layer2 = document.querySelectorAll('.top-secondary-nav a, .top-secondary-nav span'); let moreElm = document.querySelector('.nav-more-options .nav_column'); layer2ElmWid = 0; if (moreElm && !productPages) { layer2.forEach((curr) => { try { layer2ElmWid += curr.offsetWidth; if (layer2ElmWid >= 750) { moreElm?.append(curr); } } catch (e) {} }); } var portalThemeColor = '' ? 'portalThemeColor' : 'noportal-color'; document.querySelector('body')?.classList?.add(portalThemeColor); .sticky .site-header__logo img { width:101px;height:34px;margin-top:-8px; } @media only ",FAIL,REJECT_NEGATIVE,NO_GEO,,DUPLICATE,TRUE_NEGATIVE,DISPUTE,NEGATIVE_DISPUTE,,,,
task17-062,https://infra.economictimes.indiatimes.com/rss/urban-transportation,Delhi invokes ESMA for six months amid DTC contractual drivers’ strike,https://infra.economictimes.indiatimes.com/news/urban-transportation/delhi-invokes-esma-for-six-months-amid-dtc-contractual-drivers-strike/134593657,2026-09-30T12:07:01.000Z,Login Get App News Roads and HighwaysUrban InfrastructureEnergyConstructionWater RailwaysTelecomUrban TransportationCorporateRural InfrastructureAviationPorts and ShippingEconomyLogisticsView all News Events Awards Webinars Leaders Speak Brand Solutions More Newsletters MasterClasses About Us Contact Us Advertise With ,"Login Get App News Roads and HighwaysUrban InfrastructureEnergyConstructionWater RailwaysTelecomUrban TransportationCorporateRural InfrastructureAviationPorts and ShippingEconomyLogisticsView all News Events Awards Webinars Leaders Speak Brand Solutions More Newsletters MasterClasses About Us Contact Us Advertise With Us Search Roads and Highways Railways Aviation Ports and Shipping Urban Infrastructure Urban Transportation Construction Infra TV More EnergyTelecom Integrated Campaigns Bespoke Events Advertorial Virtual Engagement Videos Digital Branding & Awareness More More var defaultImgUrl = ''; var productPages = ''; var layer2 = document.querySelectorAll('.top-secondary-nav a, .top-secondary-nav span'); let moreElm = document.querySelector('.nav-more-options .nav_column'); layer2ElmWid = 0; if (moreElm && !productPages) { layer2.forEach((curr) => { try { layer2ElmWid += curr.offsetWidth; if (layer2ElmWid >= 750) { moreElm?.append(curr); } } catch (e) {} }); } var portalThemeColor = '' ? 'portalThemeColor' : 'noportal-color'; document.querySelector('body')?.classList?.add(portalThemeColor); .sticky .site-header__logo img { width:101px;height:34px;margin-top:-8px; } @media only ",FAIL,REJECT_NEGATIVE,NO_GEO,,NEGATIVE,TRUE_NEGATIVE,DELAY,NEGATIVE_DELAY,,,,
task17-063,https://timesofindia.indiatimes.com/rssfeedstopstories.cms,Indian oil refiners change strategy to get cheaper oil; hire ships & tankers to sail through Strait of Hormuz,https://timesofindia.indiatimes.com/business/india-business/indian-oil-refiners-change-strategy-to-get-cheaper-oil-hire-ships-tankers-to-sail-through-strait-of-hormuz/articleshow/134609765.cms,2026-10-01T06:18:54.000Z,EditionININUSGCCEnglishEnglishहिन्दीमराठीಕನ್ನಡதமிழ்বাংলাമലയാളംతెలుగుગુજરાતીWeatherSign InTOIBusinessIndia BusinessBudget 2026Mutual FundsInfrastructureGold Rates TodaySilver Rates Today Platinum Rates TodayPetrol PriceDiesel PriceCNG PriceLPG PriceFinancial LiteracyDon't Get ScammedFinancial CalculatorsInternational Bu,"EditionININUSGCCEnglishEnglishहिन्दीमराठीಕನ್ನಡதமிழ்বাংলাമലയാളംతెలుగుગુજરાતીWeatherSign InTOIBusinessIndia BusinessBudget 2026Mutual FundsInfrastructureGold Rates TodaySilver Rates Today Platinum Rates TodayPetrol PriceDiesel PriceCNG PriceLPG PriceFinancial LiteracyDon't Get ScammedFinancial CalculatorsInternational BusinessCybersecurityIFSC CodeVideosFinancial Literacy SummitEconomyToday's ePaperLiveBudgetIFSCPAN CardAadhaar CardIPOIncome TaxSavings Growth CalculatorNewsBusiness NewsIndia Business NewsIndian oil refiners change strategy to get cheaper oil; hire ships & tankers to sail through Strait of HormuzTrendingGold Rate TodayCrud Oil Prices todayPiyush GoyalTop Stocks TodayStock Market TodayLPG Price HikeBank October HolidaysGold Rate TodayCrud Oil Prices todayPiyush GoyalTop Stocks TodayStock Market TodayLPG Price HikeBank October HolidaysGold Rate TodayCrud Oil Prices todayPiyush GoyalTop Stocks TodayStock Market TodayLPG Price HikeBank October HolidaysIndian oil refiners change strategy to get cheaper oil; hire ships & tankers to sail through Strait of HormuzEdited by: Smriti Jain / TIMESOFINDIA.COM / Oct 01, 2026, 11:48 ISTSaveCommentsShareAa+Text SizeSmallMediumLargePri",FAIL,REJECT_NEGATIVE,NO_GEO,,DUPLICATE,TRUE_NEGATIVE,OFF_TOPIC,NEGATIVE_OFF_TOPIC,,,,
task17-064,https://timesofindia.indiatimes.com/rssfeeds/2950623.cms,Arappor alleges irregularities in affiliation granted to 74 private colleges of education,https://timesofindia.indiatimes.com/city/chennai/arappor-alleges-irregularities-in-affiliation-granted-to-74-private-colleges-of-education/articleshow/134610447.cms,2026-10-01T06:47:39.000Z,EditionININUSGCCEnglishEnglishहिन्दीमराठीಕನ್ನಡதமிழ்বাংলাമലയാളംతెలుగుગુજરાતીWeatherSign InTOICitychennaimumbaidelhibengaluruHyderabadkolkataCrime Newsagraagartalaahmedabadajmeramaravatiamritsarbareillybhubaneswarbhopalchandigarhchhatrapati sambhajinagarcoimbatorecuttackdehradunerodefaridabadghaziabadgoagurgaonguwahatihu,EditionININUSGCCEnglishEnglishहिन्दीमराठीಕನ್ನಡதமிழ்বাংলাമലയാളംతెలుగుગુજરાતીWeatherSign InTOICitychennaimumbaidelhibengaluruHyderabadkolkataCrime Newsagraagartalaahmedabadajmeramaravatiamritsarbareillybhubaneswarbhopalchandigarhchhatrapati sambhajinagarcoimbatorecuttackdehradunerodefaridabadghaziabadgoagurgaonguwahatihubballiimphalindoreitanagarjaipurjammujamshedpurjodhpurkanpurkochikohimakolhapurkozhikodeludhianalucknowmaduraimangalurumeerutmumbai regionmysurunagpurnashiknavi mumbainoidapatnaprayagrajpuducherrypuneraipurrajkotranchithanesalemshillongshimlasrinagarsurattrichythiruvananthapuramudaipurvadodaravaranasivijayawadavisakhapatnamphotosWeb StoriesToday's ePaperLivetamil nadu electionsphotosweatherNewsCity Newschennai NewsArappor alleges irregularities in affiliation granted to 74 private colleges of educationTrendingManipur ViolenceLakshadweepDrug SeizedIAS Rakesh AgrawalBombay High CourtMuskan RastogiMangaluru Refinery BlastManipur ViolenceLakshadweepDrug SeizedIAS Rakesh AgrawalBombay High CourtMuskan RastogiMangaluru Refinery BlastManipur ViolenceLakshadweepDrug SeizedIAS Rakesh AgrawalBombay High CourtMuskan RastogiMangaluru Refinery BlastArappor alleges irregularities i,FAIL,REJECT_NEGATIVE,NO_GEO,,NEGATIVE,TRUE_NEGATIVE,OFF_TOPIC,NEGATIVE_OFF_TOPIC,,,,
task17-065,https://www.hindustantimes.com/feeds/rss/cities/gurugram-news/rssfeed.xml,Kingdom of Dreams: Men seen removing steel from HSVP-sealed complex,https://www.hindustantimes.com/cities/gurugram-news/kingdom-of-dreams-men-seen-removing-steel-from-hsvp-sealed-complex-101790829352453.html,2026-10-01T04:35:51.000Z,"(function () { var guardedLinkSelector = 'a[target=""_blank""], a[target=""_parent""], a[target=""_top""], .author-name a'; // Scope the listener to the article body so clicks on the header, // nav, footer, sidebar and ads never hit this handler at all. var root = document.querySelector('.storyBody') || document.body; functi","(function () { var guardedLinkSelector = 'a[target=""_blank""], a[target=""_parent""], a[target=""_top""], .author-name a'; // Scope the listener to the article body so clicks on the header, // nav, footer, sidebar and ads never hit this handler at all. var root = document.querySelector('.storyBody') || document.body; function stopOutboundLinkPropagation(event) { // Bail as cheaply as possible on non-element targets. var target = event.target; if (!target || target.nodeType !== 1) { if (target && target.nodeType === 3) target = target.parentElement; if (!target || target.nodeType !== 1) return; } // One closest() with the full selector does the same job as // closest('a') + matches(guardedLinkSelector), in one DOM walk. var guardedLink = target.closest(guardedLinkSelector); if (!guardedLink) return; // Guard against javascript: / empty hrefs. var href = guardedLink.getAttribute('href'); if (!href || href.indexOf('javascript:') === 0) return; event.stopPropagation(); } // Capture phase: required to actually precede React/Next.js // synthetic handlers, which are attached at the React root. root.addEventListener('click', stopOutboundLinkPropagation, true); })(); {""@context"":""https://schema.",FAIL,REJECT_NEGATIVE,NO_GEO,,NEGATIVE,TRUE_NEGATIVE,DEMOLITION,NEGATIVE_DEMOLITION,,,,
task17-066,https://www.hindustantimes.com/feeds/rss/cities/lucknow-news/rssfeed.xml,Rajya Sabha polls in UP: How predictable numbers game acquired spicy political flavour,https://www.hindustantimes.com/cities/lucknow-news/rajya-sabha-polls-in-uttar-pradesh-how-predictable-numbers-game-acquired-spicy-political-flavour-101790798208673.html,2026-10-01T02:34:10.000Z,"(function () { var guardedLinkSelector = 'a[target=""_blank""], a[target=""_parent""], a[target=""_top""], .author-name a'; // Scope the listener to the article body so clicks on the header, // nav, footer, sidebar and ads never hit this handler at all. var root = document.querySelector('.storyBody') || document.body; functi","(function () { var guardedLinkSelector = 'a[target=""_blank""], a[target=""_parent""], a[target=""_top""], .author-name a'; // Scope the listener to the article body so clicks on the header, // nav, footer, sidebar and ads never hit this handler at all. var root = document.querySelector('.storyBody') || document.body; function stopOutboundLinkPropagation(event) { // Bail as cheaply as possible on non-element targets. var target = event.target; if (!target || target.nodeType !== 1) { if (target && target.nodeType === 3) target = target.parentElement; if (!target || target.nodeType !== 1) return; } // One closest() with the full selector does the same job as // closest('a') + matches(guardedLinkSelector), in one DOM walk. var guardedLink = target.closest(guardedLinkSelector); if (!guardedLink) return; // Guard against javascript: / empty hrefs. var href = guardedLink.getAttribute('href'); if (!href || href.indexOf('javascript:') === 0) return; event.stopPropagation(); } // Capture phase: required to actually precede React/Next.js // synthetic handlers, which are attached at the React root. root.addEventListener('click', stopOutboundLinkPropagation, true); })(); {""@context"":""https://schema.",FAIL,REJECT_NEGATIVE,NO_GEO,,NEGATIVE,TRUE_NEGATIVE,POLITICS,NEGATIVE_POLITICS,,,,
task17-067,https://www.hindustantimes.com/feeds/rss/cities/others/rssfeed.xml,Nitin Nabin likely to attend closing event of ‘Seva Sankalp’ rally on October 7,https://www.hindustantimes.com/cities/others/nitin-nabin-likely-to-attend-closing-event-of-seva-sankalp-rally-on-october-7-101790794130905.html,2026-10-01T02:20:20.000Z,"(function () { var guardedLinkSelector = 'a[target=""_blank""], a[target=""_parent""], a[target=""_top""], .author-name a'; // Scope the listener to the article body so clicks on the header, // nav, footer, sidebar and ads never hit this handler at all. var root = document.querySelector('.storyBody') || document.body; functi","(function () { var guardedLinkSelector = 'a[target=""_blank""], a[target=""_parent""], a[target=""_top""], .author-name a'; // Scope the listener to the article body so clicks on the header, // nav, footer, sidebar and ads never hit this handler at all. var root = document.querySelector('.storyBody') || document.body; function stopOutboundLinkPropagation(event) { // Bail as cheaply as possible on non-element targets. var target = event.target; if (!target || target.nodeType !== 1) { if (target && target.nodeType === 3) target = target.parentElement; if (!target || target.nodeType !== 1) return; } // One closest() with the full selector does the same job as // closest('a') + matches(guardedLinkSelector), in one DOM walk. var guardedLink = target.closest(guardedLinkSelector); if (!guardedLink) return; // Guard against javascript: / empty hrefs. var href = guardedLink.getAttribute('href'); if (!href || href.indexOf('javascript:') === 0) return; event.stopPropagation(); } // Capture phase: required to actually precede React/Next.js // synthetic handlers, which are attached at the React root. root.addEventListener('click', stopOutboundLinkPropagation, true); })(); {""@context"":""https://schema.",FAIL,REJECT_NEGATIVE,NO_GEO,,NEGATIVE,TRUE_NEGATIVE,POLITICS,NEGATIVE_POLITICS,,,,
task17-068,https://www.hindustantimes.com/feeds/rss/real-estate/rssfeed.xml,"Anarock Property Consultants Limited files DRHP for ₹1,000 crore IPO; AI, tech investments among key plans",https://www.hindustantimes.com/real-estate/anarock-property-consultants-limited-files-drhp-for-1-000-crore-ipo-ai-tech-investments-among-key-plans-101790831385364.html,2026-10-01T05:23:18.000Z,"(function () { var guardedLinkSelector = 'a[target=""_blank""], a[target=""_parent""], a[target=""_top""], .author-name a'; // Scope the listener to the article body so clicks on the header, // nav, footer, sidebar and ads never hit this handler at all. var root = document.querySelector('.storyBody') || document.body; functi","(function () { var guardedLinkSelector = 'a[target=""_blank""], a[target=""_parent""], a[target=""_top""], .author-name a'; // Scope the listener to the article body so clicks on the header, // nav, footer, sidebar and ads never hit this handler at all. var root = document.querySelector('.storyBody') || document.body; function stopOutboundLinkPropagation(event) { // Bail as cheaply as possible on non-element targets. var target = event.target; if (!target || target.nodeType !== 1) { if (target && target.nodeType === 3) target = target.parentElement; if (!target || target.nodeType !== 1) return; } // One closest() with the full selector does the same job as // closest('a') + matches(guardedLinkSelector), in one DOM walk. var guardedLink = target.closest(guardedLinkSelector); if (!guardedLink) return; // Guard against javascript: / empty hrefs. var href = guardedLink.getAttribute('href'); if (!href || href.indexOf('javascript:') === 0) return; event.stopPropagation(); } // Capture phase: required to actually precede React/Next.js // synthetic handlers, which are attached at the React root. root.addEventListener('click', stopOutboundLinkPropagation, true); })(); {""@context"":""https://schema.",FAIL,REJECT_NEGATIVE,NO_GEO,,NEGATIVE,TRUE_NEGATIVE,GENERAL_BUSINESS,NEGATIVE_GENERAL_BUSINESS,,,,
task17-069,https://rera.punjab.gov.in/latest-news.html,Real Estate Regulatory Authority,https://rera.punjab.gov.in/list-status-notices-section59.html,,"A+ A A- A A ਪੰਜਾਬੀ REAL ESTATE REGULATORY AUTHORITY PUNJAB Home (current) About Us About RERA Punjab Services Who's Who RERA Punjab Office Documents RERA Acts, Rules and Regulations Annual Reports Forms and Templates Check Lists - Registrations General Instructions - Online Registration Registrations Search Registered ","A+ A A- A A ਪੰਜਾਬੀ REAL ESTATE REGULATORY AUTHORITY PUNJAB Home (current) About Us About RERA Punjab Services Who's Who RERA Punjab Office Documents RERA Acts, Rules and Regulations Annual Reports Forms and Templates Check Lists - Registrations General Instructions - Online Registration Registrations Search Registered Projects Search Registered Agents List of Registered Projects List of Pending Applications (Project Registrations) List of Registered Real Estate Agents Fee Calculator Complaint Download Complaint Forms File Complaint Search Case Status Notices under Section 59 (Chapter 8 of the Act) Orders/ Judgements Orders/ Judgements by Adjudicating Officer Orders/ Judgements in Execution Orders/ Judgements in Execution by Adjudicating Officer Public Notices Report Unregistered Projects Appellate Tribunal FAQ's RERA Act FAQs Punjab State RERA Rules FAQs FAQs for Web Portal User Manual Contact Us You are here Home Complaint Notices Under Chapter 8 of the Act Notices under Section 59 Notices under Section 59 UNDER MAINTENANCE - SORRY FOR THE INCONVENIENCE Sr. No. District/ Town Notice/File No. Details Notice Date Promoter Name Project Name Current Status Order Date Home Contact Us T",FAIL,REJECT_NEGATIVE,NO_GEO,,DUPLICATE,TRUE_NEGATIVE,COURT,NEGATIVE_COURT,,,,
