record_id,source,title,url,published_date,original_engine_decision,post_fix_engine_decision,editorial_reference_decision,editorial_reference_city,editorial_reference_event_class,editorial_reference_property_nexus,editorial_reference_reason,editorial_reference_confidence,original_reasons,post_fix_reasons
"task42-ref-0001","https://economictimes.indiatimes.com/industry/services/property-/-cstruction","Fashion / Cosmetics / Jewellery","https://economictimes.indiatimes.com/industry/cons-products/fashion-/-cosmetics-/-jewellery","2026-10-01T18:30:00.000Z","REVIEW","REJECT","REJECT_OFFTOPIC","","INVESTMENT/BUSINESS","NO","Evidence does not establish Brokket-suitable positive real-estate coverage.","HIGH","filter 4: not positive target real-estate/project news; filter 5: no allowed city match; filter 17: local quality judge rejected article (no core real-estate/infrastructure topic, score 6)","filter 4: not positive target real-estate/project news; filter 5: no allowed city match; filter 17: local quality judge rejected article (no core real-estate/infrastructure topic, score 6)"
"task42-ref-0002","https://economictimes.indiatimes.com/industry/services/property-/-cstruction","Garments / Textiles","https://economictimes.indiatimes.com/industry/cons-products/garments-/-textiles","2026-09-30T18:30:00.000Z","REVIEW","REJECT","REJECT_OFFTOPIC","","INVESTMENT/BUSINESS","NO","Evidence does not establish Brokket-suitable positive real-estate coverage.","HIGH","filter 4: not positive target real-estate/project news; filter 5: no allowed city match; filter 17: local quality judge rejected article (no core real-estate/infrastructure topic, score 6)","filter 4: not positive target real-estate/project news; filter 5: no allowed city match; filter 17: local quality judge rejected article (no core real-estate/infrastructure topic, score 6)"
"task42-ref-0003","https://economictimes.indiatimes.com/industry/services/property-/-cstruction","Two wheelers & three wheelers","https://economictimes.indiatimes.com/industry/auto/two-wheelers-three-wheelers/articlelist/64829323.cms","2026-09-30T18:30:00.000Z","REVIEW","REJECT","REJECT_OFFTOPIC","","LAUNCH/PROJECT","NO","Evidence does not establish Brokket-suitable positive real-estate coverage.","HIGH","filter 4: not positive target real-estate/project news; filter 5: no allowed city match; filter 17: local quality judge rejected article (weak city evidence, score 12)","filter 4: not positive target real-estate/project news; filter 5: no allowed city match; filter 17: local quality judge rejected article (weak city evidence, score 12)"
"task42-ref-0004","https://economictimes.indiatimes.com/news/company/corporate-trends","Assembly Elections","https://economictimes.indiatimes.com/news/elections/assembly","","REVIEW","REJECT","REJECT_OFFTOPIC","","INVESTMENT/BUSINESS","NO","Evidence does not establish Brokket-suitable positive real-estate coverage.","HIGH","filter 4: not positive target real-estate/project news; filter 5: no allowed city match; review: ambiguous multi-city geo evidence; filter 17: local quality judge rejected article (no core real-estate/infrastructure topic, score -4)","filter 4: not positive target real-estate/project news; filter 5: no allowed city match; review: ambiguous multi-city geo evidence; filter 17: local quality judge rejected article (no core real-estate/infrastructure topic, score -4)"
"task42-ref-0005","https://economictimes.indiatimes.com/news/company/corporate-trends","Consumer companies score low on R&D spending amid innovation chorus","https://economictimes.indiatimes.com/news/company/corporate-trends/consumer-companies-score-low-on-rd-spending-amid-innovation-chorus/articleshow/134646148.cms","2026-10-02T18:30:00.000Z","REVIEW","REJECT","REJECT_OFFTOPIC","","TRANSACTION","NO","Evidence does not establish Brokket-suitable positive real-estate coverage.","HIGH","filter 4: not positive target real-estate/project news; filter 5: no allowed city match; filter 17: local quality judge rejected article (weak city evidence, score 32)","filter 4: not positive target real-estate/project news; filter 5: no allowed city match; filter 17: local quality judge rejected article (weak city evidence, score 32)"
"task42-ref-0006","https://economictimes.indiatimes.com/news/company/corporate-trends","Morning Brief Podcast","https://economictimes.indiatimes.com/podcast","2026-10-01T18:30:00.000Z","REVIEW","REJECT","REJECT_NEGATIVE","","TRANSACTION","NO","Adverse, enforcement, dispute or negative safety signal is present.","HIGH","filter 4: not positive target real-estate/project news; filter 3: negative/crime/utility concern news; filter 5: no allowed city match; review: ambiguous multi-city geo evidence; filter 17: local quality judge rejected article (no core real-estate/infrastructure topic, score -17)","filter 4: not positive target real-estate/project news; filter 3: negative/crime/utility concern news; filter 5: no allowed city match; review: ambiguous multi-city geo evidence; filter 17: local quality judge rejected article (no core real-estate/infrastructure topic, score -17)"
"task42-ref-0007","https://realty.economictimes.indiatimes.com/news/industry","Merlin Group plans ₹10,000 crore investment over five years; targets ₹700 crore sales in FY27","https://realty.economictimes.indiatimes.com/news/industry/merlin-group-plans-10000-crore-investment-over-five-years-targets-700-crore-sales-in-fy27/134644953?utm_source=top_news&utm_medium=sectionListing","2026-10-02T18:04:03.000Z","REVIEW","REVIEW","REVIEW","pune","RERA/REGULATORY","YES","Full article names multiple markets without a city-scoped title or URL.","HIGH","review: ambiguous multi-city geo evidence","review: ambiguous multi-city geo evidence"
"task42-ref-0008","https://www.tribuneindia.com/topic/real-estate","Inside the Capital","https://www.tribuneindia.com/news/news-columns/inside-the-capital","","REVIEW","REJECT","REJECT_NEGATIVE","","INFRASTRUCTURE","NO","Adverse, enforcement, dispute or negative safety signal is present.","HIGH","filter 4: not positive target real-estate/project news; filter 3: negative/crime/utility concern news; filter 5: no allowed city match; filter 8: outside-city conflict; filter 17: local quality judge rejected article (negative/local topic outweighs project signal, score -12)","filter 4: not positive target real-estate/project news; filter 3: negative/crime/utility concern news; filter 5: no allowed city match; filter 8: outside-city conflict; filter 17: local quality judge rejected article (negative/local topic outweighs project signal, score -12)"
"task42-ref-0009","https://www.tribuneindia.com/topic/real-estate","Subscribe To Print Edition","https://www.tribuneindia.com/rate3","1881-02-01T18:30:00.000Z","REVIEW","REJECT","REJECT_NEGATIVE","","LEGAL/INSOLVENCY","NO","Adverse, enforcement, dispute or negative safety signal is present.","HIGH","filter 4: not positive target real-estate/project news; filter 3: negative/crime/utility concern news; filter 5: no allowed city match; review: ambiguous multi-city geo evidence; filter 17: local quality judge rejected article (no core real-estate/infrastructure topic, score 0)","filter 4: not positive target real-estate/project news; filter 3: negative/crime/utility concern news; filter 5: no allowed city match; review: ambiguous multi-city geo evidence; filter 17: local quality judge rejected article (no core real-estate/infrastructure topic, score 0)"
"task42-ref-0010","https://www.tribuneindia.com/topic/real-estate","The Tribune Science","https://www.tribuneindia.com/news/features/the-tribune-science","","REVIEW","REJECT","REJECT_OFFTOPIC","","LAUNCH/PROJECT","NO","Evidence does not establish Brokket-suitable positive real-estate coverage.","HIGH","filter 4: not positive target real-estate/project news; filter 5: no allowed city match; review: ambiguous multi-city geo evidence; filter 17: local quality judge rejected article (no core real-estate/infrastructure topic, score 8)","filter 4: not positive target real-estate/project news; filter 5: no allowed city match; review: ambiguous multi-city geo evidence; filter 17: local quality judge rejected article (no core real-estate/infrastructure topic, score 8)"
"task42-ref-0011","https://torbitrealty.com/category/news/city-updates/gurugram/","Building Materials","https://torbitrealty.com/category/more/building-materials/","2026-09-30T18:30:00.000Z","REVIEW","REJECT","REJECT_OFFTOPIC","","LAUNCH/PROJECT","NO","Evidence does not establish Brokket-suitable positive real-estate coverage.","HIGH","filter 4: not positive target real-estate/project news; filter 5: no allowed city match; filter 17: local quality judge rejected article (weak city evidence, score 48)","filter 4: not positive target real-estate/project news; filter 5: no allowed city match; filter 17: local quality judge rejected article (weak city evidence, score 48)"
"task42-ref-0012","https://torbitrealty.com/category/news/city-updates/gurugram/","Infrastructure & Construction","https://torbitrealty.com/category/more/infrastructure-construction/","2026-09-30T18:30:00.000Z","REVIEW","REJECT","REJECT_OFFTOPIC","","LAUNCH/PROJECT","NO","Evidence does not establish Brokket-suitable positive real-estate coverage.","HIGH","filter 4: not positive target real-estate/project news; filter 5: no allowed city match; review: ambiguous multi-city geo evidence; filter 17: local quality judge rejected article (weak city evidence, score 84)","filter 4: not positive target real-estate/project news; filter 5: no allowed city match; review: ambiguous multi-city geo evidence; filter 17: local quality judge rejected article (weak city evidence, score 84)"
"task42-ref-0013","https://torbitrealty.com/category/news/city-updates/gurugram/","Policy & Regulations","https://torbitrealty.com/category/news/policy-regulations/","2026-10-01T18:30:00.000Z","REVIEW","REJECT","REJECT_NEGATIVE","","RERA/REGULATORY","YES","Adverse, enforcement, dispute or negative safety signal is present.","HIGH","filter 3: negative/crime/utility concern news; filter 5: no allowed city match; review: ambiguous multi-city geo evidence","filter 3: negative/crime/utility concern news; filter 5: no allowed city match; review: ambiguous multi-city geo evidence"
"task42-ref-0014","https://indianinfrastructure.com/","25 YEARS OF INDIAN INFRASTRUCTURE","https://indianinfrastructure.com/category/25-years-of-indian-infrastructure/","2026-09-30T18:30:00.000Z","REVIEW","REJECT","REJECT_OFFTOPIC","","TRANSACTION","NO","Evidence does not establish Brokket-suitable positive real-estate coverage.","HIGH","filter 4: not positive target real-estate/project news; filter 5: no allowed city match; filter 17: local quality judge rejected article (weak city evidence, score 62)","filter 4: not positive target real-estate/project news; filter 5: no allowed city match; filter 17: local quality judge rejected article (weak city evidence, score 62)"
"task42-ref-0015","https://indianinfrastructure.com/","Infrastructure Finance","https://indianinfrastructure.com/category/infrastructure/","2026-09-30T18:30:00.000Z","REVIEW","REJECT","REJECT_OFFTOPIC","","LAUNCH/PROJECT","NO","Evidence does not establish Brokket-suitable positive real-estate coverage.","HIGH","filter 4: not positive target real-estate/project news; filter 5: no allowed city match; filter 17: local quality judge rejected article (weak city evidence, score 146)","filter 4: not positive target real-estate/project news; filter 5: no allowed city match; filter 17: local quality judge rejected article (weak city evidence, score 146)"
"task42-ref-0016","https://indianinfrastructure.com/","Urban Transportation","https://indianinfrastructure.com/category/urban-transportation/","2026-09-30T18:30:00.000Z","REVIEW","REJECT","REJECT_OFFTOPIC","","LAUNCH/PROJECT","NO","Evidence does not establish Brokket-suitable positive real-estate coverage.","HIGH","filter 4: not positive target real-estate/project news; filter 5: no allowed city match; review: ambiguous multi-city geo evidence; filter 17: local quality judge rejected article (weak city evidence, score 70)","filter 4: not positive target real-estate/project news; filter 5: no allowed city match; review: ambiguous multi-city geo evidence; filter 17: local quality judge rejected article (weak city evidence, score 70)"
"task42-ref-0017","https://www.metrorailnews.in/","Metro Projects Overview","https://metrorailnews.in/metro-rail-projects-in-india/","2026-10-02T18:30:00.000Z","REVIEW","REJECT","REJECT_OFFTOPIC","","TRANSACTION","NO","Evidence does not establish Brokket-suitable positive real-estate coverage.","HIGH","filter 4: not positive target real-estate/project news; filter 5: no allowed city match; review: ambiguous multi-city geo evidence; filter 17: local quality judge rejected article (weak city evidence, score 146)","filter 4: not positive target real-estate/project news; filter 5: no allowed city match; review: ambiguous multi-city geo evidence; filter 17: local quality judge rejected article (weak city evidence, score 146)"
"task42-ref-0018","https://www.metrorailnews.in/","Metro Rail Projects","https://metrorailnews.in/metro-rail-projects/","2026-10-03T11:50:00.000Z","REVIEW","REJECT","REJECT_OFFTOPIC","","LAUNCH/PROJECT","NO","Evidence does not establish Brokket-suitable positive real-estate coverage.","HIGH","filter 4: not positive target real-estate/project news; filter 5: no allowed city match; filter 17: local quality judge rejected article (weak city evidence, score 32)","filter 4: not positive target real-estate/project news; filter 5: no allowed city match; filter 17: local quality judge rejected article (weak city evidence, score 32)"
"task42-ref-0019","https://www.metrorailnews.in/","Under Construction","https://www.metrorailnews.in/#","2026-10-02T18:30:00.000Z","REVIEW","REJECT","REJECT_OFFTOPIC","","LAUNCH/PROJECT","NO","Evidence does not establish Brokket-suitable positive real-estate coverage.","HIGH","filter 4: not positive target real-estate/project news; filter 1: spam/menu page; filter 5: no allowed city match; filter 7: outside region in title/description; filter 8: outside-city conflict; review: ambiguous multi-city geo evidence; filter 17: local quality judge rejected article (weak city evidence, score 98)","filter 4: not positive target real-estate/project news; filter 1: spam/menu page; filter 5: no allowed city match; filter 7: outside region in title/description; filter 8: outside-city conflict; review: ambiguous multi-city geo evidence; filter 17: local quality judge rejected article (weak city evidence, score 98)"
"task42-ref-0020","https://themetrorailguy.com/","Construction Updates","https://themetrorailguy.com/category/agra-metro/","","REVIEW","REJECT","REJECT_INSUFFICIENT","","LAUNCH/PROJECT","YES","Required full-article, date, content or geo evidence is incomplete.","HIGH","filter 5: no allowed city match; filter 17: local quality judge rejected article (weak city evidence, score 28)","filter 5: no allowed city match; filter 17: local quality judge rejected article (weak city evidence, score 28)"
"task42-ref-0021","https://themetrorailguy.com/","Construction Updates","https://themetrorailguy.com/category/Ahmedabad/","","REVIEW","REJECT","REJECT_INSUFFICIENT","","LAUNCH/PROJECT","YES","Required full-article, date, content or geo evidence is incomplete.","HIGH","filter 5: no allowed city match; filter 8: outside-city conflict; filter 17: local quality judge rejected article (weak city evidence, score 28)","filter 5: no allowed city match; filter 8: outside-city conflict; filter 17: local quality judge rejected article (weak city evidence, score 28)"
"task42-ref-0022","https://themetrorailguy.com/","Subscribe to our RSS Feed","https://themetrorailguy.com/feed/","2026-08-12T20:09:00.000Z","REVIEW","REJECT","REJECT_OFFTOPIC","","OTHER","NO","Evidence does not establish Brokket-suitable positive real-estate coverage.","HIGH","filter 4: not positive target real-estate/project news; filter 5: no allowed city match; filter 17: local quality judge rejected article (weak city evidence, score 8)","filter 4: not positive target real-estate/project news; filter 5: no allowed city match; filter 17: local quality judge rejected article (weak city evidence, score 8)"
"task42-ref-0023","https://realtynmore.com/latest-news/","Leadership Updates","https://realtynmore.com/leadership-updates/","2026-09-30T18:30:00.000Z","REVIEW","REJECT","REJECT_OFFTOPIC","","INVESTMENT/BUSINESS","NO","Evidence does not establish Brokket-suitable positive real-estate coverage.","HIGH","filter 4: not positive target real-estate/project news; filter 5: no allowed city match; review: ambiguous multi-city geo evidence; filter 17: local quality judge rejected article (weak city evidence, score 16)","filter 4: not positive target real-estate/project news; filter 5: no allowed city match; review: ambiguous multi-city geo evidence; filter 17: local quality judge rejected article (weak city evidence, score 16)"
"task42-ref-0024","https://realtynmore.com/latest-news/","Project of the Month","https://realtynmore.com/project/","2026-04-09T18:30:00.000Z","REVIEW","REVIEW","REVIEW","noida","LAUNCH/PROJECT","YES","Full article names multiple markets without a city-scoped title or URL.","HIGH","review: ambiguous multi-city geo evidence","review: ambiguous multi-city geo evidence"
"task42-ref-0025","https://realtynmore.com/latest-news/","Promotional Feature","https://realtynmore.com/promotional-feature/","2024-08-09T18:30:00.000Z","REVIEW","REJECT","REVIEW","noida","TRANSACTION","NO","Full article names multiple markets without a city-scoped title or URL.","HIGH","review: ambiguous multi-city geo evidence; filter 9: no specific project/development signal","review: ambiguous multi-city geo evidence; filter 9: no specific project/development signal"
"task42-ref-0026","https://realtynmore.com/feed/","Black Opal Consultants IPO Subscribed 68.71 Times Driven by Strong Demand","https://realtynmore.com/black-opal-consultants-ipo-subscribed-68-71-time/","2026-10-03T06:18:24.000Z","REVIEW","REJECT","REJECT_OFFTOPIC","","TRANSACTION","NO","Evidence does not establish Brokket-suitable positive real-estate coverage.","HIGH","filter 4: not positive target real-estate/project news; filter 5: no allowed city match; filter 7: outside region in title/description; filter 8: outside-city conflict; filter 17: local quality judge rejected article (weak city evidence, score 22)","filter 4: not positive target real-estate/project news; filter 5: no allowed city match; filter 7: outside region in title/description; filter 8: outside-city conflict; filter 17: local quality judge rejected article (weak city evidence, score 22)"
"task42-ref-0027","https://realtynmore.com/feed/","Dharavi Experience Centre Opens to Showcase Future Homes and Workplaces","https://realtynmore.com/dharavi-experience-centre-opens-to-showcase/","2026-10-02T11:29:40.000Z","REVIEW","REJECT","REJECT_OFFTOPIC","","TRANSACTION","NO","Evidence does not establish Brokket-suitable positive real-estate coverage.","HIGH","filter 4: not positive target real-estate/project news; filter 1: spam/menu page; filter 5: no allowed city match; filter 7: outside region in title/description; filter 8: outside-city conflict; filter 17: local quality judge rejected article (weak city evidence, score 50)","filter 4: not positive target real-estate/project news; filter 1: spam/menu page; filter 5: no allowed city match; filter 7: outside region in title/description; filter 8: outside-city conflict; filter 17: local quality judge rejected article (weak city evidence, score 50)"
"task42-ref-0028","https://www.dlf.in/media","DLF eyes residential project sales worth Rs. 20,000 cr in FY27","https://www.dlf.in/dlf-in-news/2026/Business_Standard_15_May_2026.jpg","2026-05-14T18:30:00.000Z","REVIEW","REJECT","REVIEW","gurugram","TRANSACTION","YES","Full article names multiple markets without a city-scoped title or URL.","HIGH","filter 15: direct media/PDF link, not article page; review: FULL_ARTICLE_UNAVAILABLE; review: ambiguous multi-city geo evidence","filter 15: direct media/PDF link, not article page; review: FULL_ARTICLE_UNAVAILABLE; review: ambiguous multi-city geo evidence"
"task42-ref-0029","https://www.dlf.in/media","DLF Opens Retail Plaza in Moti Nagar, Delhi","https://www.dlf.in/dlf-in-news/2026/Construction_Week_30_April_2026.jpg","2026-04-29T18:30:00.000Z","REVIEW","REJECT","REJECT_INSUFFICIENT","new_delhi","OTHER","YES","Required full-article, date, content or geo evidence is incomplete.","HIGH","filter 15: direct media/PDF link, not article page; review: FULL_ARTICLE_UNAVAILABLE; filter 7: outside region in title/description; filter 8: outside-city conflict","filter 15: direct media/PDF link, not article page; review: FULL_ARTICLE_UNAVAILABLE; filter 7: outside region in title/description; filter 8: outside-city conflict"
"task42-ref-0030","https://www.dlf.in/media","DLF Sets Rs. 20,000 crore Sales Guidance for FY27","https://www.dlf.in/dlf-in-news/2026/The_Economic_Times_15_May_2026.jpg","2026-05-14T18:30:00.000Z","REVIEW","REJECT","REJECT_INSUFFICIENT","new_delhi","TRANSACTION","YES","Required full-article, date, content or geo evidence is incomplete.","HIGH","filter 15: direct media/PDF link, not article page; review: FULL_ARTICLE_UNAVAILABLE; filter 7: outside region in title/description; filter 8: outside-city conflict","filter 15: direct media/PDF link, not article page; review: FULL_ARTICLE_UNAVAILABLE; filter 7: outside region in title/description; filter 8: outside-city conflict"
"task42-ref-0031","https://m3mindia.com/media","Housing Market Launches Jump Eighteen Percent","https://www.outlookmoney.com/invest/housing-market-sees-modest-sales-growth-in-q3-as-launches-jump-18-per-cent","2026-09-28T11:35:00.000Z","REVIEW","REJECT","REJECT_OFFTOPIC","","LAUNCH/PROJECT","NO","Evidence does not establish Brokket-suitable positive real-estate coverage.","HIGH","filter 4: not positive target real-estate/project news; filter 5: no allowed city match; filter 17: local quality judge rejected article (weak city evidence, score 28)","filter 4: not positive target real-estate/project news; filter 5: no allowed city match; filter 17: local quality judge rejected article (weak city evidence, score 28)"
"task42-ref-0032","https://m3mindia.com/media","Infrastructure Connectivity Commands Premium Property Values","https://www.indiatoday.in/amp/business/real-estate/story/why-are-ncr-home-prices-rising-so-fast-3006367-2026-09-30","2026-09-30T12:25:00.000Z","REVIEW","REJECT","REJECT_INSUFFICIENT","","OTHER","YES","Required full-article, date, content or geo evidence is incomplete.","HIGH","review: FULL_ARTICLE_UNAVAILABLE; filter 5: no allowed city match; filter 17: local quality judge rejected article (weak city evidence, score 28)","review: FULL_ARTICLE_UNAVAILABLE; filter 5: no allowed city match; filter 17: local quality judge rejected article (weak city evidence, score 28)"
"task42-ref-0033","https://m3mindia.com/media","NCR Home Prices Jump Twelve Percent","https://www.tribuneindia.com/news/delhi/ncr-home-prices-jump-12-as-luxury-housing-demand-gains-pace/amp","2026-09-30T11:38:00.000Z","REVIEW","REJECT","REJECT_INSUFFICIENT","","OTHER","YES","Required full-article, date, content or geo evidence is incomplete.","HIGH","review: FULL_ARTICLE_UNAVAILABLE; filter 5: no allowed city match; filter 8: outside-city conflict; filter 17: local quality judge rejected article (weak city evidence, score 12)","review: FULL_ARTICLE_UNAVAILABLE; filter 5: no allowed city match; filter 8: outside-city conflict; filter 17: local quality judge rejected article (weak city evidence, score 12)"
"task42-ref-0034","https://smartworlddevelopers.com/media","Housing sales in top 7 cities up 3% in Jul-Sep at 1 lakh units: Anarock","https://www.cnbctv18.com/business/housing-sales-in-top-7-cities-up-3-pc-in-jul-sep-at-1-lakh-units-anarock-19999997.htm/amp","2026-09-27T18:30:00.000Z","REVIEW","REJECT","REJECT_OFFTOPIC","","TRANSACTION","NO","Evidence does not establish Brokket-suitable positive real-estate coverage.","HIGH","filter 4: not positive target real-estate/project news; filter 5: no allowed city match; filter 17: local quality judge rejected article (weak city evidence, score 24)","filter 4: not positive target real-estate/project news; filter 5: no allowed city match; filter 17: local quality judge rejected article (weak city evidence, score 24)"
"task42-ref-0035","https://smartworlddevelopers.com/media","NCR home prices jump 12% as luxury housing demand gains pace","https://www.tribuneindia.com/news/delhi/ncr-home-prices-jump-12-as-luxury-housing-demand-gains-pace/amp","2026-09-29T18:30:00.000Z","REVIEW","REJECT","REJECT_OFFTOPIC","","TRANSACTION","NO","Evidence does not establish Brokket-suitable positive real-estate coverage.","HIGH","filter 4: not positive target real-estate/project news; filter 1: spam/menu page; filter 5: no allowed city match; filter 8: outside-city conflict; filter 17: local quality judge rejected article (weak city evidence, score 18)","filter 4: not positive target real-estate/project news; filter 1: spam/menu page; filter 5: no allowed city match; filter 8: outside-city conflict; filter 17: local quality judge rejected article (weak city evidence, score 18)"
"task42-ref-0036","https://smartworlddevelopers.com/media","Noida luxury housing market shifts focus to serviced residences","https://www.thehindubusinessline.com/news/real-estate/noida-luxury-housing-market-shifts-focus-to-serviced-residences/article71513095.ece/amp/","2026-09-25T18:30:00.000Z","REVIEW","REVIEW","REJECT_INSUFFICIENT","noida","TRANSACTION","YES","Required full-article, date, content or geo evidence is incomplete.","HIGH","review: FULL_ARTICLE_UNAVAILABLE","review: FULL_ARTICLE_UNAVAILABLE"
"task42-ref-0037","https://www.rpsgroupindia.com/","RPS - Auria Ultra Luxurious 3 BHK & 5 BHK Residences RPS City, Sector 88, Faridabad","https://rpsgroupindia.com/residential/rps-auria/","","REVIEW","REVIEW","REJECT_INSUFFICIENT","faridabad","OTHER","YES","Required full-article, date, content or geo evidence is incomplete.","HIGH","review: INSUFFICIENT_ARTICLE_EVIDENCE","review: INSUFFICIENT_ARTICLE_EVIDENCE"
"task42-ref-0038","https://www.rpsgroupindia.com/","RPS 12th Avenue A Unique Blend of Office and Modern Retail 0 KM from Delhi Faridabad Toll","https://rpsgroupindia.com/commercial/rps-infinia-12thavenue/","","REVIEW","REJECT","REJECT_INSUFFICIENT","faridabad","LAUNCH/PROJECT","YES","Required full-article, date, content or geo evidence is incomplete.","HIGH","review: INSUFFICIENT_ARTICLE_EVIDENCE; filter 7: outside region in title/description; filter 8: outside-city conflict","review: INSUFFICIENT_ARTICLE_EVIDENCE; filter 7: outside region in title/description; filter 8: outside-city conflict"
"task42-ref-0039","https://www.rpsgroupindia.com/","Skip to main content","https://www.rpsgroupindia.com/#content","","REVIEW","REJECT","REJECT_INSUFFICIENT","","OTHER","NO","Required full-article, date, content or geo evidence is incomplete.","HIGH","POSITIVE_INFRASTRUCTURE_WITHOUT_SUFFICIENT_REAL_ESTATE_NEXUS; review: INSUFFICIENT_ARTICLE_EVIDENCE; filter 5: no allowed city match; filter 17: local quality judge rejected article (weak city evidence, score 10)","POSITIVE_INFRASTRUCTURE_WITHOUT_SUFFICIENT_REAL_ESTATE_NEXUS; review: INSUFFICIENT_ARTICLE_EVIDENCE; filter 5: no allowed city match; filter 17: local quality judge rejected article (weak city evidence, score 10)"
"task42-ref-0040","https://indianexpress.com/section/cities/mumbai/","'India has new hero': Consulate General of Israel in Mumbai puts up billboard hailing Smit Machchhar","https://www.hindustantimes.com/cities/mumbai-news/india-has-new-hero-consulate-general-of-israel-in-mumbai-puts-up-billboard-hailing-smit-machchhar-101791016017659.html","2026-10-03T09:07:34.000Z","REVIEW","REJECT","REJECT_NEGATIVE","","INFRASTRUCTURE","NO","Adverse, enforcement, dispute or negative safety signal is present.","HIGH","filter 4: not positive target real-estate/project news; filter 1: spam/menu page; filter 3: negative/crime/utility concern news; filter 5: no allowed city match; filter 7: outside region in title/description; filter 8: outside-city conflict; filter 17: local quality judge rejected article (no core real-estate/infrastructure topic, score 2)","filter 4: not positive target real-estate/project news; filter 1: spam/menu page; filter 3: negative/crime/utility concern news; filter 5: no allowed city match; filter 7: outside region in title/description; filter 8: outside-city conflict; filter 17: local quality judge rejected article (no core real-estate/infrastructure topic, score 2)"
"task42-ref-0041","https://indianexpress.com/section/cities/mumbai/","75-year-old dies of heart attack while attending CJP protest in Mumbai","https://www.hindustantimes.com/india-news/75yearold-dies-of-heart-attack-while-attending-cjp-protest-in-mumbai-101791015942456.html","2026-10-03T08:27:57.000Z","REVIEW","REJECT","REJECT_NEGATIVE","","OTHER","NO","Adverse, enforcement, dispute or negative safety signal is present.","HIGH","filter 4: not positive target real-estate/project news; filter 1: spam/menu page; filter 3: negative/crime/utility concern news; filter 5: no allowed city match; filter 7: outside region in title/description; filter 8: outside-city conflict; filter 17: local quality judge rejected article (negative/local topic outweighs project signal, score -93)","filter 4: not positive target real-estate/project news; filter 1: spam/menu page; filter 3: negative/crime/utility concern news; filter 5: no allowed city match; filter 7: outside region in title/description; filter 8: outside-city conflict; filter 17: local quality judge rejected article (negative/local topic outweighs project signal, score -93)"
"task42-ref-0042","https://indianexpress.com/section/cities/mumbai/","Beed MP Sonwane claims rampant use of phones by prison inmates; authorities reject charges","https://www.hindustantimes.com/cities/mumbai-news/beed-mp-sonwane-claims-rampant-use-of-phones-by-prison-inmates-authorities-reject-charges-101791022748843.html","2026-10-03T10:19:08.000Z","REVIEW","REJECT","REJECT_NEGATIVE","","OTHER","NO","Adverse, enforcement, dispute or negative safety signal is present.","HIGH","filter 4: not positive target real-estate/project news; filter 1: spam/menu page; filter 3: negative/crime/utility concern news; filter 5: no allowed city match; filter 7: outside region in title/description; filter 8: outside-city conflict; filter 17: local quality judge rejected article (strong non-real-estate local topic, score -14)","filter 4: not positive target real-estate/project news; filter 1: spam/menu page; filter 3: negative/crime/utility concern news; filter 5: no allowed city match; filter 7: outside region in title/description; filter 8: outside-city conflict; filter 17: local quality judge rejected article (strong non-real-estate local topic, score -14)"
"task42-ref-0043","https://indianexpress.com/section/cities/patna/","SC grants eight weeks to Bihar to remove encroachments from Ganga flood plains in Patna","https://www.hindustantimes.com/cities/patna-news/sc-grants-eight-weeks-to-bihar-to-remove-encroachments-from-ganga-flood-plains-in-patna-101790923967209.html","2026-10-02T06:52:46.000Z","REVIEW","REJECT","REJECT_OFFTOPIC","","RERA/REGULATORY","NO","Evidence does not establish Brokket-suitable positive real-estate coverage.","HIGH","filter 4: not positive target real-estate/project news; filter 5: no allowed city match; filter 7: outside region in title/description; filter 8: outside-city conflict; filter 17: local quality judge rejected article (no core real-estate/infrastructure topic, score 6)","filter 4: not positive target real-estate/project news; filter 5: no allowed city match; filter 7: outside region in title/description; filter 8: outside-city conflict; filter 17: local quality judge rejected article (no core real-estate/infrastructure topic, score 6)"
"task42-ref-0044","https://realty.economictimes.indiatimes.com/tag/noida","Noida: Allottees challenge ATS’s revised Sports City plan over nine commercial sites","https://realty.economictimes.indiatimes.com/news/residential/noida-allottees-challenge-atss-revised-sports-city-plan-over-nine-commercial-sites/134651179?utm_source=top_news&utm_medium=tagListing","2026-10-03T03:06:42.000Z","REVIEW","REJECT","REJECT_NEGATIVE","","LEGAL/INSOLVENCY","YES","Adverse, enforcement, dispute or negative safety signal is present.","HIGH","filter 3: negative/crime/utility concern news; filter 5: no allowed city match; filter 17: local quality judge rejected article (weak city evidence, score 138)","filter 3: negative/crime/utility concern news; filter 5: no allowed city match; filter 17: local quality judge rejected article (weak city evidence, score 138)"
"task42-ref-0045","https://realty.economictimes.indiatimes.com/tag/noida","Uttar Pradesh: UPPCB puts up 90 cameras to check dust-control measures at construction sites","https://realty.economictimes.indiatimes.com/news/infrastructure/uttar-pradesh-uppcb-puts-up-90-cameras-to-check-dust-control-measures-at-construction-sites/134631741?utm_source=top_news&utm_medium=tagListing","2026-10-02T04:19:01.000Z","REVIEW","REJECT","REJECT_NEGATIVE","","LEGAL/INSOLVENCY","NO","Adverse, enforcement, dispute or negative safety signal is present.","HIGH","POSITIVE_INFRASTRUCTURE_WITHOUT_SUFFICIENT_REAL_ESTATE_NEXUS; filter 1: spam/menu page; filter 3: negative/crime/utility concern news; filter 5: no allowed city match; filter 17: local quality judge rejected article (weak city evidence, score 67)","POSITIVE_INFRASTRUCTURE_WITHOUT_SUFFICIENT_REAL_ESTATE_NEXUS; filter 1: spam/menu page; filter 3: negative/crime/utility concern news; filter 5: no allowed city match; filter 17: local quality judge rejected article (weak city evidence, score 67)"
"task42-ref-0046","https://realty.economictimes.indiatimes.com/tag/greater%2Bnoida%2Bauthority","NCLAT rejects Noida & Greater Noida authorities' plea for secured creditor status in Shubhkamna Buildtech case","https://realty.economictimes.indiatimes.com/news/regulatory/nclat-rejects-noida-greater-noida-authorities-plea-for-secured-creditor-status-in-shubhkamna-buildtech-case/134324009?utm_source=top_news&utm_medium=tagListing","2026-09-18T02:18:37.000Z","REVIEW","REJECT","REJECT_NEGATIVE","","LEGAL/INSOLVENCY","YES","Adverse, enforcement, dispute or negative safety signal is present.","HIGH","filter 3: negative/crime/utility concern news; filter 5: no allowed city match; filter 17: local quality judge rejected article (weak city evidence, score 44)","filter 3: negative/crime/utility concern news; filter 5: no allowed city match; filter 17: local quality judge rejected article (weak city evidence, score 44)"
"task42-ref-0047","https://realty.economictimes.indiatimes.com/tag/yeida","Uttar Pradesh set to ease building norms in industrial hubs","https://realty.economictimes.indiatimes.com/news/industry/uttar-pradesh-unveils-game-changing-building-norms-to-attract-investors/132707243?utm_source=top_news&utm_medium=tagListing","2026-07-29T09:30:00.000Z","REVIEW","REVIEW","REVIEW","noida","INFRASTRUCTURE","YES","Full article names multiple markets without a city-scoped title or URL.","HIGH","review: ambiguous multi-city geo evidence","review: ambiguous multi-city geo evidence"
"task42-ref-0048","https://realty.economictimes.indiatimes.com/rss/infrastructure","Chandigarh civic body turns C&D waste into over ₹50 lakh revenue in six months","https://realty.economictimes.indiatimes.com/news/infrastructure/chandigarh-civic-body-turns-cd-waste-into-over-50-lakh-revenue-in-six-months/134652631","2026-10-03T07:30:00.000Z","REVIEW","REJECT","REJECT_INSUFFICIENT","","TRANSACTION","NO","Required full-article, date, content or geo evidence is incomplete.","HIGH","POSITIVE_INFRASTRUCTURE_WITHOUT_SUFFICIENT_REAL_ESTATE_NEXUS; filter 5: no allowed city match; filter 7: outside region in title/description; filter 8: outside-city conflict; filter 17: local quality judge rejected article (weak city evidence, score 52)","POSITIVE_INFRASTRUCTURE_WITHOUT_SUFFICIENT_REAL_ESTATE_NEXUS; filter 5: no allowed city match; filter 7: outside region in title/description; filter 8: outside-city conflict; filter 17: local quality judge rejected article (weak city evidence, score 52)"
"task42-ref-0049","https://realty.economictimes.indiatimes.com/rss/infrastructure","Kochi metro phase-II construction to be completed in August 2027","https://realty.economictimes.indiatimes.com/news/infrastructure/kochi-metro-phase-ii-construction-to-be-completed-in-august-2027/134633393","2026-10-02T09:30:00.000Z","WOULD_PUBLISH","WOULD_PUBLISH","PUBLISH","kochi","TRANSACTION","YES","Full article supports a positive real-estate/development event with current date, property nexus and routed city.","HIGH","",""
"task42-ref-0050","https://realty.economictimes.indiatimes.com/rss/infrastructure","Trichy civic body warns builders over illegal construction & demolition waste dumping","https://realty.economictimes.indiatimes.com/news/infrastructure/trichy-civic-body-warns-builders-over-illegal-construction-demolition-waste-dumping/134633340","2026-10-02T07:30:00.000Z","REVIEW","REJECT","REJECT_NEGATIVE","","INFRASTRUCTURE","NO","Adverse, enforcement, dispute or negative safety signal is present.","HIGH","POSITIVE_INFRASTRUCTURE_WITHOUT_SUFFICIENT_REAL_ESTATE_NEXUS; filter 3: negative/crime/utility concern news; filter 5: no allowed city match; filter 17: local quality judge rejected article (weak city evidence, score 84)","POSITIVE_INFRASTRUCTURE_WITHOUT_SUFFICIENT_REAL_ESTATE_NEXUS; filter 3: negative/crime/utility concern news; filter 5: no allowed city match; filter 17: local quality judge rejected article (weak city evidence, score 84)"
"task42-ref-0051","https://realty.economictimes.indiatimes.com/rss/industry","Merlin Group plans ₹10,000 crore investment over five years; targets ₹700 crore sales in FY27","https://realty.economictimes.indiatimes.com/news/industry/merlin-group-plans-10000-crore-investment-over-five-years-targets-700-crore-sales-in-fy27/134644953","2026-10-02T18:04:03.000Z","REVIEW","REVIEW","REVIEW","pune","RERA/REGULATORY","YES","Full article names multiple markets without a city-scoped title or URL.","HIGH","review: ambiguous multi-city geo evidence","review: ambiguous multi-city geo evidence"
"task42-ref-0052","https://realty.economictimes.indiatimes.com/rss/regulatory","NCLT admits insolvency plea by Kotak Mahindra Bank against Unity Realty","https://realty.economictimes.indiatimes.com/news/regulatory/nclt-admits-insolvency-plea-by-kotak-mahindra-bank-against-unity-realty/134651133","2026-10-03T02:59:10.000Z","REVIEW","REJECT","REJECT_NEGATIVE","","LEGAL/INSOLVENCY","NO","Adverse, enforcement, dispute or negative safety signal is present.","HIGH","filter 3: negative/crime/utility concern news; filter 5: no allowed city match; filter 9: no specific project/development signal; filter 17: local quality judge rejected article (weak city evidence, score 48)","filter 3: negative/crime/utility concern news; filter 5: no allowed city match; filter 9: no specific project/development signal; filter 17: local quality judge rejected article (weak city evidence, score 48)"
"task42-ref-0053","https://realty.economictimes.indiatimes.com/rss/regulatory","Some slum dwellers can’t hold SRA project to ransom: Bombay high court","https://realty.economictimes.indiatimes.com/news/regulatory/some-slum-dwellers-cant-hold-sra-project-to-ransom-bombay-high-court/134651145","2026-10-03T03:01:28.000Z","REVIEW","REJECT","REJECT_OFFTOPIC","","LEGAL/INSOLVENCY","NO","Evidence does not establish Brokket-suitable positive real-estate coverage.","HIGH","filter 4: not positive target real-estate/project news; filter 1: spam/menu page; filter 5: no allowed city match; filter 7: outside region in title/description; filter 8: outside-city conflict; filter 17: local quality judge rejected article (weak city evidence, score 78)","filter 4: not positive target real-estate/project news; filter 1: spam/menu page; filter 5: no allowed city match; filter 7: outside region in title/description; filter 8: outside-city conflict; filter 17: local quality judge rejected article (weak city evidence, score 78)"
"task42-ref-0054","https://realty.economictimes.indiatimes.com/rss/regulatory","Uttarakhand GST department recovers ₹2.25 crore as tax evasion from Eden Senior Living & Wellness","https://realty.economictimes.indiatimes.com/news/regulatory/uttarakhand-gst-department-recovers-2-25-crore-as-tax-evasion-from-eden-senior-living-wellness/134652582","2026-10-03T05:17:34.000Z","REVIEW","REJECT","REJECT_NEGATIVE","","RERA/REGULATORY","YES","Adverse, enforcement, dispute or negative safety signal is present.","HIGH","filter 3: negative/crime/utility concern news; filter 5: no allowed city match; review: ambiguous multi-city geo evidence; filter 17: local quality judge rejected article (weak city evidence, score 54)","filter 3: negative/crime/utility concern news; filter 5: no allowed city match; review: ambiguous multi-city geo evidence; filter 17: local quality judge rejected article (weak city evidence, score 54)"
"task42-ref-0055","https://www.acegroupindia.com","CLICK TO SUBSCRIBE","https://www.acegroupindia.com/#footer-part","","REVIEW","REJECT","REJECT_NEGATIVE","","RERA/REGULATORY","YES","Adverse, enforcement, dispute or negative safety signal is present.","HIGH","filter 3: negative/crime/utility concern news; filter 5: no allowed city match; review: ambiguous multi-city geo evidence","filter 3: negative/crime/utility concern news; filter 5: no allowed city match; review: ambiguous multi-city geo evidence"
"task42-ref-0056","https://www.acegroupindia.com","Completed Projects","https://www.acegroupindia.com/#","","REVIEW","REJECT","REJECT_NEGATIVE","","RERA/REGULATORY","YES","Adverse, enforcement, dispute or negative safety signal is present.","HIGH","filter 3: negative/crime/utility concern news; filter 5: no allowed city match; review: ambiguous multi-city geo evidence","filter 3: negative/crime/utility concern news; filter 5: no allowed city match; review: ambiguous multi-city geo evidence"
"task42-ref-0057","https://www.mahagunindia.com/media","Completed Projects","https://www.mahagunindia.com/project-category/completed-projects-commercial/","","REVIEW","REJECT","REJECT_OFFTOPIC","","TRANSACTION","NO","Evidence does not establish Brokket-suitable positive real-estate coverage.","HIGH","filter 4: not positive target real-estate/project news; filter 5: no allowed city match; filter 17: local quality judge rejected article (weak city evidence, score 28)","filter 4: not positive target real-estate/project news; filter 5: no allowed city match; filter 17: local quality judge rejected article (weak city evidence, score 28)"
"task42-ref-0058","https://www.mahagunindia.com/media","Completed Projects","https://www.mahagunindia.com/project-category/completed-projects-residential/","","REVIEW","REVIEW","REVIEW","noida","RERA/REGULATORY","YES","Full article names multiple markets without a city-scoped title or URL.","HIGH","review: ambiguous multi-city geo evidence","review: ambiguous multi-city geo evidence"
"task42-ref-0059","https://countygroup.in/","Channel Partner Integration","https://countygroup.in/channel_partner.pdf","","REVIEW","REJECT","REJECT_OFFTOPIC","","OTHER","NO","Evidence does not establish Brokket-suitable positive real-estate coverage.","HIGH","filter 15: direct media/PDF link, not article page; filter 4: not positive target real-estate/project news; filter 5: no allowed city match; filter 17: local quality judge rejected article (no core real-estate/infrastructure topic, score 0)","filter 15: direct media/PDF link, not article page; filter 4: not positive target real-estate/project news; filter 5: no allowed city match; filter 17: local quality judge rejected article (no core real-estate/infrastructure topic, score 0)"
"task42-ref-0060","https://countygroup.in/","Completed Projects","https://countygroup.in/Completed-Residential","","REVIEW","REJECT","REJECT_NEGATIVE","","RERA/REGULATORY","YES","Adverse, enforcement, dispute or negative safety signal is present.","HIGH","filter 3: negative/crime/utility concern news; filter 5: no allowed city match; filter 17: local quality judge rejected article (weak city evidence, score 30)","filter 3: negative/crime/utility concern news; filter 5: no allowed city match; filter 17: local quality judge rejected article (weak city evidence, score 30)"
"task42-ref-0061","https://countygroup.in/","vision and mission","https://countygroup.in/who-we-are#vision-mission","","REVIEW","REJECT","REJECT_OFFTOPIC","","LAUNCH/PROJECT","NO","Evidence does not establish Brokket-suitable positive real-estate coverage.","HIGH","filter 4: not positive target real-estate/project news; filter 5: no allowed city match; filter 17: local quality judge rejected article (weak city evidence, score 49)","filter 4: not positive target real-estate/project news; filter 5: no allowed city match; filter 17: local quality judge rejected article (weak city evidence, score 49)"
"task42-ref-0062","https://indianexpress.com/about/noida-authority/","ED arrests Ozone Urbana Infra Developer's CMD in ₹927.22 crore homebuyer alleged fraud case","https://realty.economictimes.indiatimes.com/news/regulatory/ed-arrests-ozone-urbana-infra-developers-cmd-in-927-22-crore-homebuyer-alleged-fraud-case/134650996","2026-10-03T02:42:47.000Z","REVIEW","REJECT","REJECT_NEGATIVE","","LEGAL/INSOLVENCY","NO","Adverse, enforcement, dispute or negative safety signal is present.","HIGH","filter 3: negative/crime/utility concern news; filter 5: no allowed city match; filter 9: no specific project/development signal; filter 17: local quality judge rejected article (weak city evidence, score 59)","filter 3: negative/crime/utility concern news; filter 5: no allowed city match; filter 9: no specific project/development signal; filter 17: local quality judge rejected article (weak city evidence, score 59)"
"task42-ref-0063","https://indianexpress.com/about/noida-authority/","Infrastructure must precede real estate development in Indian cities: CREDAI","https://realty.economictimes.indiatimes.com/news/industry/infrastructure-must-precede-real-estate-development-in-indian-cities-credai/134643889","2026-10-02T16:57:10.000Z","REVIEW","REJECT","REJECT_OFFTOPIC","","TRANSACTION","NO","Evidence does not establish Brokket-suitable positive real-estate coverage.","HIGH","filter 4: not positive target real-estate/project news; filter 5: no allowed city match; review: ambiguous multi-city geo evidence; filter 17: local quality judge rejected article (weak city evidence, score 136)","filter 4: not positive target real-estate/project news; filter 5: no allowed city match; review: ambiguous multi-city geo evidence; filter 17: local quality judge rejected article (weak city evidence, score 136)"
"task42-ref-0064","https://indianexpress.com/about/noida-authority/","NCLT admits insolvency plea by Kotak Mahindra Bank against Unity Realty","https://realty.economictimes.indiatimes.com/news/regulatory/nclt-admits-insolvency-plea-by-kotak-mahindra-bank-against-unity-realty/134651133","2026-10-03T02:59:10.000Z","REVIEW","REJECT","REJECT_NEGATIVE","","LEGAL/INSOLVENCY","NO","Adverse, enforcement, dispute or negative safety signal is present.","HIGH","filter 3: negative/crime/utility concern news; filter 5: no allowed city match; filter 9: no specific project/development signal; filter 17: local quality judge rejected article (weak city evidence, score 48)","filter 3: negative/crime/utility concern news; filter 5: no allowed city match; filter 9: no specific project/development signal; filter 17: local quality judge rejected article (weak city evidence, score 48)"
"task42-ref-0065","https://indianexpress.com/about/greater-noida-authority/","ED arrests Ozone Urbana Infra Developer's CMD in ₹927.22 crore homebuyer alleged fraud case","https://realty.economictimes.indiatimes.com/news/regulatory/ed-arrests-ozone-urbana-infra-developers-cmd-in-927-22-crore-homebuyer-alleged-fraud-case/134650996","2026-10-03T02:42:47.000Z","REVIEW","REJECT","REJECT_NEGATIVE","","LEGAL/INSOLVENCY","NO","Adverse, enforcement, dispute or negative safety signal is present.","HIGH","filter 3: negative/crime/utility concern news; filter 5: no allowed city match; filter 9: no specific project/development signal; filter 17: local quality judge rejected article (weak city evidence, score 59)","filter 3: negative/crime/utility concern news; filter 5: no allowed city match; filter 9: no specific project/development signal; filter 17: local quality judge rejected article (weak city evidence, score 59)"
"task42-ref-0066","https://indianexpress.com/about/greater-noida-authority/","Infrastructure must precede real estate development in Indian cities: CREDAI","https://realty.economictimes.indiatimes.com/news/industry/infrastructure-must-precede-real-estate-development-in-indian-cities-credai/134643889","2026-10-02T16:57:10.000Z","REVIEW","REJECT","REJECT_OFFTOPIC","","TRANSACTION","NO","Evidence does not establish Brokket-suitable positive real-estate coverage.","HIGH","filter 4: not positive target real-estate/project news; filter 5: no allowed city match; review: ambiguous multi-city geo evidence; filter 17: local quality judge rejected article (weak city evidence, score 136)","filter 4: not positive target real-estate/project news; filter 5: no allowed city match; review: ambiguous multi-city geo evidence; filter 17: local quality judge rejected article (weak city evidence, score 136)"
"task42-ref-0067","https://indianexpress.com/about/greater-noida-authority/","NCLT admits insolvency plea by Kotak Mahindra Bank against Unity Realty","https://realty.economictimes.indiatimes.com/news/regulatory/nclt-admits-insolvency-plea-by-kotak-mahindra-bank-against-unity-realty/134651133","2026-10-03T02:59:10.000Z","REVIEW","REJECT","REJECT_NEGATIVE","","LEGAL/INSOLVENCY","NO","Adverse, enforcement, dispute or negative safety signal is present.","HIGH","filter 3: negative/crime/utility concern news; filter 5: no allowed city match; filter 9: no specific project/development signal; filter 17: local quality judge rejected article (weak city evidence, score 48)","filter 3: negative/crime/utility concern news; filter 5: no allowed city match; filter 9: no specific project/development signal; filter 17: local quality judge rejected article (weak city evidence, score 48)"
"task42-ref-0068","https://indianexpress.com/section/cities/chandigarh/","Chandigarh: 4-block HC expansion to cost ₹1,454 crore","https://www.hindustantimes.com/cities/chandigarh-news/chandigarh-4-block-hc-expansion-to-cost-1-454-crore-101790969495636.html","2026-10-03T02:27:30.000Z","REVIEW","REJECT","REJECT_OFFTOPIC","","LEGAL/INSOLVENCY","NO","Evidence does not establish Brokket-suitable positive real-estate coverage.","HIGH","filter 4: not positive target real-estate/project news; filter 5: no allowed city match; filter 7: outside region in title/description; filter 8: outside-city conflict; filter 17: local quality judge rejected article (weak city evidence, score 20)","filter 4: not positive target real-estate/project news; filter 5: no allowed city match; filter 7: outside region in title/description; filter 8: outside-city conflict; filter 17: local quality judge rejected article (weak city evidence, score 20)"
"task42-ref-0069","https://indianexpress.com/section/cities/chandigarh/","Chandigarh: Jewellers laundered ₹95 cr in IDFC fraud case, says ED","https://www.hindustantimes.com/cities/chandigarh-news/chandigarh-jewellers-laundered-95-cr-in-idfc-fraud-case-says-ed-101790969615447.html","2026-10-03T02:28:20.000Z","REVIEW","REJECT","REJECT_NEGATIVE","","LEGAL/INSOLVENCY","NO","Adverse, enforcement, dispute or negative safety signal is present.","HIGH","filter 4: not positive target real-estate/project news; filter 3: negative/crime/utility concern news; filter 5: no allowed city match; filter 7: outside region in title/description; filter 8: outside-city conflict; filter 17: local quality judge rejected article (no core real-estate/infrastructure topic, score -14)","filter 4: not positive target real-estate/project news; filter 3: negative/crime/utility concern news; filter 5: no allowed city match; filter 7: outside region in title/description; filter 8: outside-city conflict; filter 17: local quality judge rejected article (no core real-estate/infrastructure topic, score -14)"
"task42-ref-0070","https://indianexpress.com/section/cities/chandigarh/","Pargat Singh is fourth Doaba leader to head Punjab Congress","https://www.hindustantimes.com/cities/chandigarh-news/pargat-singh-is-fourth-doaba-leader-to-head-punjab-congress-101791021645974.html","2026-10-03T10:00:45.000Z","REVIEW","REJECT","REJECT_NEGATIVE","","INFRASTRUCTURE","NO","Adverse, enforcement, dispute or negative safety signal is present.","HIGH","filter 4: not positive target real-estate/project news; filter 3: negative/crime/utility concern news; filter 5: no allowed city match; filter 8: outside-city conflict; filter 17: local quality judge rejected article (negative/local topic outweighs project signal, score -6)","filter 4: not positive target real-estate/project news; filter 3: negative/crime/utility concern news; filter 5: no allowed city match; filter 8: outside-city conflict; filter 17: local quality judge rejected article (negative/local topic outweighs project signal, score -6)"
"task42-ref-0071","https://indianexpress.com/section/cities/lucknow/","‘Beti hun, lad sakti hun’: New UP Congress chief says party ready to fight polls with INDIA bloc","https://www.hindustantimes.com/cities/lucknow-news/beti-hun-lad-sakti-hun-new-up-congress-chief-aradhna-mishra-mona-says-party-ready-to-fight-polls-with-india-bloc-101791006162218.html","2026-10-03T05:56:28.000Z","REVIEW","REJECT","REJECT_OFFTOPIC","","OTHER","NO","Evidence does not establish Brokket-suitable positive real-estate coverage.","HIGH","filter 4: not positive target real-estate/project news; filter 5: no allowed city match; filter 8: outside-city conflict; filter 17: local quality judge rejected article (no core real-estate/infrastructure topic, score 0)","filter 4: not positive target real-estate/project news; filter 5: no allowed city match; filter 8: outside-city conflict; filter 17: local quality judge rejected article (no core real-estate/infrastructure topic, score 0)"
"task42-ref-0072","https://indianexpress.com/section/cities/lucknow/","5 years on, trials in 2 Lakhimpur cases show contrasting progress amid fresh Supreme Court scrutiny","https://www.hindustantimes.com/cities/lucknow-news/lakhimpur-violence-ajay-mishra-teni-supreme-court-trials-101790971116020.html","2026-10-03T02:30:00.000Z","REVIEW","REJECT","REJECT_NEGATIVE","","LEGAL/INSOLVENCY","NO","Adverse, enforcement, dispute or negative safety signal is present.","HIGH","filter 4: not positive target real-estate/project news; filter 3: negative/crime/utility concern news; filter 5: no allowed city match; filter 8: outside-city conflict; filter 17: local quality judge rejected article (strong non-real-estate local topic, score -51)","filter 4: not positive target real-estate/project news; filter 3: negative/crime/utility concern news; filter 5: no allowed city match; filter 8: outside-city conflict; filter 17: local quality judge rejected article (strong non-real-estate local topic, score -51)"
"task42-ref-0073","https://indianexpress.com/section/cities/lucknow/","UP primary, upper primary schools: 70K teachers to be promoted after 10 yrs","https://www.hindustantimes.com/cities/lucknow-news/up-primary-upper-primary-schools-70k-teachers-to-be-promoted-after-10-yrs-101790970519233.html","2026-10-03T02:29:20.000Z","REVIEW","REJECT","REJECT_OFFTOPIC","","OTHER","NO","Evidence does not establish Brokket-suitable positive real-estate coverage.","HIGH","filter 4: not positive target real-estate/project news; filter 1: spam/menu page; filter 5: no allowed city match; filter 8: outside-city conflict; filter 17: local quality judge rejected article (no core real-estate/infrastructure topic, score 2)","filter 4: not positive target real-estate/project news; filter 1: spam/menu page; filter 5: no allowed city match; filter 8: outside-city conflict; filter 17: local quality judge rejected article (no core real-estate/infrastructure topic, score 2)"
"task42-ref-0074","https://indianexpress.com/section/cities/kolkata/","Bengal: 2 killed, 3 injured in Bagdogra mob attack over suspected cattle theft","https://www.hindustantimes.com/cities/kolkata-news/bengal2-lynched-3-injured-in-bagdogra-mob-attack-over-suspected-cattle-theft-101791023205647.html","2026-10-03T10:26:45.000Z","REVIEW","REJECT","REJECT_NEGATIVE","","OTHER","NO","Adverse, enforcement, dispute or negative safety signal is present.","HIGH","filter 4: not positive target real-estate/project news; filter 3: negative/crime/utility concern news; filter 5: no allowed city match; filter 7: outside region in title/description; filter 8: outside-city conflict; filter 17: local quality judge rejected article (negative/local topic outweighs project signal, score -45)","filter 4: not positive target real-estate/project news; filter 3: negative/crime/utility concern news; filter 5: no allowed city match; filter 7: outside region in title/description; filter 8: outside-city conflict; filter 17: local quality judge rejected article (negative/local topic outweighs project signal, score -45)"
"task42-ref-0075","https://indianexpress.com/section/cities/kolkata/","NGT chairperson visits Indian Botanical Garden, joins plantation drive","https://www.hindustantimes.com/cities/kolkata-news/ngt-chairperson-visits-indian-botanical-garden-joins-plantation-drive-101791021072768.html","2026-10-03T09:51:12.000Z","REVIEW","REJECT","REJECT_NEGATIVE","","LEGAL/INSOLVENCY","NO","Adverse, enforcement, dispute or negative safety signal is present.","HIGH","filter 4: not positive target real-estate/project news; filter 3: negative/crime/utility concern news; filter 5: no allowed city match; filter 7: outside region in title/description; filter 8: outside-city conflict; filter 17: local quality judge rejected article (no core real-estate/infrastructure topic, score 2)","filter 4: not positive target real-estate/project news; filter 3: negative/crime/utility concern news; filter 5: no allowed city match; filter 7: outside region in title/description; filter 8: outside-city conflict; filter 17: local quality judge rejected article (no core real-estate/infrastructure topic, score 2)"
"task42-ref-0076","https://indianexpress.com/section/cities/kolkata/","SRFTI students maintain 'academic boycott', demand arrest of those responsible for clash","https://www.hindustantimes.com/cities/kolkata-news/srfti-students-maintain-academic-boycott-demand-arrest-of-those-responsible-for-clash-101791019601368.html","2026-10-03T09:26:41.000Z","REVIEW","REJECT","REJECT_NEGATIVE","","OTHER","NO","Adverse, enforcement, dispute or negative safety signal is present.","HIGH","filter 4: not positive target real-estate/project news; filter 1: spam/menu page; filter 3: negative/crime/utility concern news; filter 5: no allowed city match; filter 7: outside region in title/description; filter 8: outside-city conflict; filter 17: local quality judge rejected article (negative/local topic outweighs project signal, score -6)","filter 4: not positive target real-estate/project news; filter 1: spam/menu page; filter 3: negative/crime/utility concern news; filter 5: no allowed city match; filter 7: outside region in title/description; filter 8: outside-city conflict; filter 17: local quality judge rejected article (negative/local topic outweighs project signal, score -6)"
"task42-ref-0077","https://indianexpress.com/section/cities/pune/","Cannabis extract worth ₹1 crore concealed in cosmetic jars seized at Pune airport","https://www.hindustantimes.com/cities/pune-news/cannabis-extract-worth-1-crore-concealed-in-cosmetic-jars-seized-at-maharashtra-pune-airport-customs-dri-101791009223494.html","2026-10-03T06:52:42.000Z","REVIEW","REJECT","REJECT_NEGATIVE","","INFRASTRUCTURE","NO","Adverse, enforcement, dispute or negative safety signal is present.","HIGH","filter 4: not positive target real-estate/project news; filter 3: negative/crime/utility concern news; filter 5: no allowed city match; filter 7: outside region in title/description; filter 8: outside-city conflict; filter 17: local quality judge rejected article (weak city evidence, score 20)","filter 4: not positive target real-estate/project news; filter 3: negative/crime/utility concern news; filter 5: no allowed city match; filter 7: outside region in title/description; filter 8: outside-city conflict; filter 17: local quality judge rejected article (weak city evidence, score 20)"
"task42-ref-0078","https://indianexpress.com/section/cities/pune/","Eight young dreams cut short at Diveagar, Alandi mourns its sons","https://www.hindustantimes.com/cities/pune-news/eight-young-dreams-cut-short-at-diveagar-alandi-mourns-its-sons-101790967577065.html","2026-10-03T02:16:00.000Z","REVIEW","REJECT","REJECT_NEGATIVE","","OTHER","NO","Adverse, enforcement, dispute or negative safety signal is present.","HIGH","filter 4: not positive target real-estate/project news; filter 3: negative/crime/utility concern news; filter 5: no allowed city match; filter 8: outside-city conflict; filter 17: local quality judge rejected article (negative/local topic outweighs project signal, score -9)","filter 4: not positive target real-estate/project news; filter 3: negative/crime/utility concern news; filter 5: no allowed city match; filter 8: outside-city conflict; filter 17: local quality judge rejected article (negative/local topic outweighs project signal, score -9)"
"task42-ref-0079","https://indianexpress.com/section/cities/pune/","Taken out for ‘dinner’, Pune teen killed with chilli powder by father and uncle: Cops","https://www.hindustantimes.com/cities/pune-news/father-uncle-blind-19-year-old-with-chilli-powder-smother-her-to-death-arrested-101790968715277.html","2026-10-03T02:21:00.000Z","REVIEW","REJECT","REJECT_NEGATIVE","","INFRASTRUCTURE","NO","Adverse, enforcement, dispute or negative safety signal is present.","HIGH","filter 4: not positive target real-estate/project news; filter 3: negative/crime/utility concern news; filter 5: no allowed city match; filter 7: outside region in title/description; filter 8: outside-city conflict; filter 17: local quality judge rejected article (strong non-real-estate local topic, score -122)","filter 4: not positive target real-estate/project news; filter 3: negative/crime/utility concern news; filter 5: no allowed city match; filter 7: outside region in title/description; filter 8: outside-city conflict; filter 17: local quality judge rejected article (strong non-real-estate local topic, score -122)"
"task42-ref-0080","https://indianexpress.com/section/cities/bangalore/","Bengaluru woman takes over 3 hours to cover 19 km in peak traffic: ‘Huge respect for people who do this daily’","https://www.hindustantimes.com/trending/bengaluru-woman-takes-over-3-hours-to-cover-19-km-in-peak-traffic-huge-respect-for-people-who-do-this-daily-101791016818714.html","2026-10-03T09:06:40.000Z","REVIEW","REJECT","REJECT_NEGATIVE","","INFRASTRUCTURE","NO","Adverse, enforcement, dispute or negative safety signal is present.","HIGH","filter 4: not positive target real-estate/project news; filter 3: negative/crime/utility concern news; filter 5: no allowed city match; filter 7: outside region in title/description; filter 8: outside-city conflict; filter 17: local quality judge rejected article (no core real-estate/infrastructure topic, score 1)","filter 4: not positive target real-estate/project news; filter 3: negative/crime/utility concern news; filter 5: no allowed city match; filter 7: outside region in title/description; filter 8: outside-city conflict; filter 17: local quality judge rejected article (no core real-estate/infrastructure topic, score 1)"
"task42-ref-0081","https://indianexpress.com/section/cities/bangalore/","Karnataka CM Shivakumar seeks ₹3,705 cr drought relief from Centre","https://www.hindustantimes.com/cities/bengaluru-news/karnataka-cm-shivakumar-seeks-rs-3-705-cr-drought-relief-from-centre-101791012984670.html","2026-10-03T07:36:24.000Z","REVIEW","REJECT","REJECT_NEGATIVE","","TRANSACTION","NO","Adverse, enforcement, dispute or negative safety signal is present.","HIGH","filter 4: not positive target real-estate/project news; filter 5: no allowed city match; filter 7: outside region in title/description; filter 8: outside-city conflict; filter 17: local quality judge rejected article (negative/local topic outweighs project signal, score -1)","filter 4: not positive target real-estate/project news; filter 5: no allowed city match; filter 7: outside region in title/description; filter 8: outside-city conflict; filter 17: local quality judge rejected article (negative/local topic outweighs project signal, score -1)"
"task42-ref-0082","https://indianexpress.com/section/cities/bangalore/","Karnataka drought losses may reach ₹60,000 crore: Dy CM Parameshwara","https://www.hindustantimes.com/cities/bengaluru-news/karnataka-drought-losses-may-reach-rs-60-000-crore-dy-cm-parameshwara-101791009003476.html","2026-10-03T06:30:03.000Z","REVIEW","REJECT","REJECT_NEGATIVE","","INVESTMENT/BUSINESS","NO","Adverse, enforcement, dispute or negative safety signal is present.","HIGH","filter 4: not positive target real-estate/project news; filter 5: no allowed city match; filter 7: outside region in title/description; filter 8: outside-city conflict; filter 17: local quality judge rejected article (negative/local topic outweighs project signal, score -3)","filter 4: not positive target real-estate/project news; filter 5: no allowed city match; filter 7: outside region in title/description; filter 8: outside-city conflict; filter 17: local quality judge rejected article (negative/local topic outweighs project signal, score -3)"
"task42-ref-0083","https://indianexpress.com/section/cities/sas-nagar-mohali/","Chandigarh: 4-block HC expansion to cost ₹1,454 crore","https://www.hindustantimes.com/cities/chandigarh-news/chandigarh-4-block-hc-expansion-to-cost-1-454-crore-101790969495636.html","2026-10-03T02:27:30.000Z","REVIEW","REJECT","REJECT_OFFTOPIC","","LEGAL/INSOLVENCY","NO","Evidence does not establish Brokket-suitable positive real-estate coverage.","HIGH","filter 4: not positive target real-estate/project news; filter 5: no allowed city match; filter 7: outside region in title/description; filter 8: outside-city conflict; filter 17: local quality judge rejected article (weak city evidence, score 20)","filter 4: not positive target real-estate/project news; filter 5: no allowed city match; filter 7: outside region in title/description; filter 8: outside-city conflict; filter 17: local quality judge rejected article (weak city evidence, score 20)"
"task42-ref-0084","https://indianexpress.com/section/cities/sas-nagar-mohali/","Chandigarh: Jewellers laundered ₹95 cr in IDFC fraud case, says ED","https://www.hindustantimes.com/cities/chandigarh-news/chandigarh-jewellers-laundered-95-cr-in-idfc-fraud-case-says-ed-101790969615447.html","2026-10-03T02:28:20.000Z","REVIEW","REJECT","REJECT_NEGATIVE","","LEGAL/INSOLVENCY","NO","Adverse, enforcement, dispute or negative safety signal is present.","HIGH","filter 4: not positive target real-estate/project news; filter 3: negative/crime/utility concern news; filter 5: no allowed city match; filter 7: outside region in title/description; filter 8: outside-city conflict; filter 17: local quality judge rejected article (no core real-estate/infrastructure topic, score -14)","filter 4: not positive target real-estate/project news; filter 3: negative/crime/utility concern news; filter 5: no allowed city match; filter 7: outside region in title/description; filter 8: outside-city conflict; filter 17: local quality judge rejected article (no core real-estate/infrastructure topic, score -14)"
"task42-ref-0085","https://indianexpress.com/section/cities/sas-nagar-mohali/","Pargat Singh is fourth Doaba leader to head Punjab Congress","https://www.hindustantimes.com/cities/chandigarh-news/pargat-singh-is-fourth-doaba-leader-to-head-punjab-congress-101791021645974.html","2026-10-03T10:00:45.000Z","REVIEW","REJECT","REJECT_NEGATIVE","","INFRASTRUCTURE","NO","Adverse, enforcement, dispute or negative safety signal is present.","HIGH","filter 4: not positive target real-estate/project news; filter 3: negative/crime/utility concern news; filter 5: no allowed city match; filter 8: outside-city conflict; filter 17: local quality judge rejected article (negative/local topic outweighs project signal, score -6)","filter 4: not positive target real-estate/project news; filter 3: negative/crime/utility concern news; filter 5: no allowed city match; filter 8: outside-city conflict; filter 17: local quality judge rejected article (negative/local topic outweighs project signal, score -6)"
"task42-ref-0086","https://aipl.com/media-coverage","OfficeView Projects","https://aipl.com/offices/","2024-04-25T05:49:08.000Z","REVIEW","REJECT","REJECT_OFFTOPIC","","LAUNCH/PROJECT","NO","Evidence does not establish Brokket-suitable positive real-estate coverage.","HIGH","filter 4: not positive target real-estate/project news; review: INSUFFICIENT_ARTICLE_EVIDENCE; filter 5: no allowed city match; filter 17: local quality judge rejected article (weak city evidence, score 10)","filter 4: not positive target real-estate/project news; review: INSUFFICIENT_ARTICLE_EVIDENCE; filter 5: no allowed city match; filter 17: local quality judge rejected article (weak city evidence, score 10)"
"task42-ref-0087","https://aipl.com/media-coverage","ResidentialView Projects","https://aipl.com/residential/","2024-04-17T02:12:21.000Z","REVIEW","REJECT","REJECT_OFFTOPIC","","LAUNCH/PROJECT","NO","Evidence does not establish Brokket-suitable positive real-estate coverage.","HIGH","filter 4: not positive target real-estate/project news; filter 5: no allowed city match; filter 17: local quality judge rejected article (weak city evidence, score 18)","filter 4: not positive target real-estate/project news; filter 5: no allowed city match; filter 17: local quality judge rejected article (weak city evidence, score 18)"
"task42-ref-0088","https://aipl.com/media-coverage","RetailView Projects","https://aipl.com/retail/","2024-04-24T14:19:09.000Z","REVIEW","REJECT","REJECT_OFFTOPIC","","LAUNCH/PROJECT","NO","Evidence does not establish Brokket-suitable positive real-estate coverage.","HIGH","filter 4: not positive target real-estate/project news; filter 5: no allowed city match; filter 17: local quality judge rejected article (weak city evidence, score 10)","filter 4: not positive target real-estate/project news; filter 5: no allowed city match; filter 17: local quality judge rejected article (weak city evidence, score 10)"
"task42-ref-0089","https://chennaimetrorail.org/press-release","Metro Railways Carriage Ticket Rules, 2014","https://chennaimetrorail.org/wp-content/uploads/2025/03/Chennai-Metro-Rail-Carriage-and-Ticket-Rule-2014-and-Amendments.pdf","2013-12-31T18:30:00.000Z","REVIEW","REJECT","REJECT_INSUFFICIENT","","TRANSACTION","YES","Required full-article, date, content or geo evidence is incomplete.","HIGH","filter 15: direct media/PDF link, not article page; review: INSUFFICIENT_ARTICLE_EVIDENCE; filter 5: no allowed city match; filter 8: outside-city conflict; filter 17: local quality judge rejected article (weak city evidence, score 16)","filter 15: direct media/PDF link, not article page; review: INSUFFICIENT_ARTICLE_EVIDENCE; filter 5: no allowed city match; filter 8: outside-city conflict; filter 17: local quality judge rejected article (weak city evidence, score 16)"
"task42-ref-0090","https://conscient.in/news-and-awards","→ Delivered Projects","https://conscient.in/residential#res-delivered/","","REVIEW","REVIEW","REJECT_INSUFFICIENT","gurugram","LAUNCH/PROJECT","YES","Required full-article, date, content or geo evidence is incomplete.","HIGH","review: INSUFFICIENT_ARTICLE_EVIDENCE","review: INSUFFICIENT_ARTICLE_EVIDENCE"
"task42-ref-0091","https://conscient.in/news-and-awards","→ Ongoing Projects","https://conscient.in/residential#res-ongoing-project/","","REVIEW","REVIEW","REJECT_INSUFFICIENT","gurugram","LAUNCH/PROJECT","YES","Required full-article, date, content or geo evidence is incomplete.","HIGH","review: INSUFFICIENT_ARTICLE_EVIDENCE","review: INSUFFICIENT_ARTICLE_EVIDENCE"
"task42-ref-0092","https://conscient.in/news-and-awards","Conscient Infrastucture","https://conscient.in/the-group#infra","","REVIEW","REJECT","REJECT_OFFTOPIC","","OTHER","NO","Evidence does not establish Brokket-suitable positive real-estate coverage.","HIGH","filter 4: not positive target real-estate/project news; filter 5: no allowed city match; filter 17: local quality judge rejected article (weak city evidence, score 14)","filter 4: not positive target real-estate/project news; filter 5: no allowed city match; filter 17: local quality judge rejected article (weak city evidence, score 14)"
"task42-ref-0093","https://dda.gov.in/dda-in-news","Online Public Services","https://dda.gov.in/online-public-services","","REVIEW","REVIEW","REJECT_INSUFFICIENT","new_delhi","OTHER","YES","Required full-article, date, content or geo evidence is incomplete.","HIGH","review: INSUFFICIENT_ARTICLE_EVIDENCE","review: INSUFFICIENT_ARTICLE_EVIDENCE"
"task42-ref-0094","https://dda.gov.in/dda-in-news","Screen Reader Access","https://dda.gov.in/screen-reader-access","","REVIEW","REVIEW","REJECT_INSUFFICIENT","new_delhi","OTHER","YES","Required full-article, date, content or geo evidence is incomplete.","HIGH","review: INSUFFICIENT_ARTICLE_EVIDENCE","review: INSUFFICIENT_ARTICLE_EVIDENCE"
"task42-ref-0095","https://dda.gov.in/dda-in-news","दिल्ली विकास प्राधिकरण Delhi Development Authority An Autonomous Body under Ministry of Housing and Urban Affairs","https://dda.gov.in/","","REVIEW","REVIEW","REJECT_INSUFFICIENT","new_delhi","LAUNCH/PROJECT","YES","Required full-article, date, content or geo evidence is incomplete.","HIGH","review: INSUFFICIENT_ARTICLE_EVIDENCE","review: INSUFFICIENT_ARTICLE_EVIDENCE"
"task42-ref-0096","https://dda.gov.in/whats-new","Online Public Services","https://dda.gov.in/online-public-services","","REVIEW","REVIEW","REJECT_INSUFFICIENT","new_delhi","OTHER","YES","Required full-article, date, content or geo evidence is incomplete.","HIGH","review: INSUFFICIENT_ARTICLE_EVIDENCE","review: INSUFFICIENT_ARTICLE_EVIDENCE"
"task42-ref-0097","https://dda.gov.in/whats-new","Screen Reader Access","https://dda.gov.in/screen-reader-access","","REVIEW","REVIEW","REJECT_INSUFFICIENT","new_delhi","OTHER","YES","Required full-article, date, content or geo evidence is incomplete.","HIGH","review: INSUFFICIENT_ARTICLE_EVIDENCE","review: INSUFFICIENT_ARTICLE_EVIDENCE"
"task42-ref-0098","https://dda.gov.in/whats-new","दिल्ली विकास प्राधिकरण Delhi Development Authority An Autonomous Body under Ministry of Housing and Urban Affairs","https://dda.gov.in/","","REVIEW","REVIEW","REJECT_INSUFFICIENT","new_delhi","LAUNCH/PROJECT","YES","Required full-article, date, content or geo evidence is incomplete.","HIGH","review: INSUFFICIENT_ARTICLE_EVIDENCE","review: INSUFFICIENT_ARTICLE_EVIDENCE"
"task42-ref-0099","https://dfccil.com","Board of Directors","https://dfccil.com/Home/DynemicPages?MenuId=68","2026-09-30T18:30:00.000Z","REVIEW","REJECT","REJECT_OFFTOPIC","","INFRASTRUCTURE","NO","Evidence does not establish Brokket-suitable positive real-estate coverage.","HIGH","filter 4: not positive target real-estate/project news; filter 1: spam/menu page; filter 5: no allowed city match; filter 7: outside region in title/description; filter 8: outside-city conflict; filter 17: local quality judge rejected article (weak city evidence, score 8)","filter 4: not positive target real-estate/project news; filter 1: spam/menu page; filter 5: no allowed city match; filter 7: outside region in title/description; filter 8: outside-city conflict; filter 17: local quality judge rejected article (weak city evidence, score 8)"
"task42-ref-0100","https://dfccil.com","Dedicated Freight Corridor Corporation of India Limited A Govt. of India (Ministry of Railways) Enterprise","https://dfccil.com/","2025-10-30T18:30:00.000Z","REVIEW","REJECT","REJECT_OFFTOPIC","","INFRASTRUCTURE","NO","Evidence does not establish Brokket-suitable positive real-estate coverage.","HIGH","filter 4: not positive target real-estate/project news; filter 1: spam/menu page; filter 5: no allowed city match; filter 7: outside region in title/description; filter 8: outside-city conflict; filter 17: local quality judge rejected article (weak city evidence, score 10)","filter 4: not positive target real-estate/project news; filter 1: spam/menu page; filter 5: no allowed city match; filter 7: outside region in title/description; filter 8: outside-city conflict; filter 17: local quality judge rejected article (weak city evidence, score 10)"
"task42-ref-0101","https://dfccil.com","Skip to Main Content","https://dfccil.com/#DivMainContent1","2025-10-30T18:30:00.000Z","REVIEW","REJECT","REJECT_OFFTOPIC","","INFRASTRUCTURE","NO","Evidence does not establish Brokket-suitable positive real-estate coverage.","HIGH","filter 4: not positive target real-estate/project news; filter 1: spam/menu page; filter 5: no allowed city match; filter 7: outside region in title/description; filter 8: outside-city conflict; filter 17: local quality judge rejected article (weak city evidence, score 8)","filter 4: not positive target real-estate/project news; filter 1: spam/menu page; filter 5: no allowed city match; filter 7: outside region in title/description; filter 8: outside-city conflict; filter 17: local quality judge rejected article (weak city evidence, score 8)"
"task42-ref-0102","https://english.bmrc.co.in","ಪ್ರಭಾವ ವಲಯ (Influence Zone)","https://english.bmrc.co.in/influencezone","","REVIEW","REJECT","REJECT_OFFTOPIC","","OTHER","NO","Evidence does not establish Brokket-suitable positive real-estate coverage.","HIGH","filter 4: not positive target real-estate/project news; filter 5: no allowed city match; filter 17: local quality judge rejected article (no core real-estate/infrastructure topic, score 12)","filter 4: not positive target real-estate/project news; filter 5: no allowed city match; filter 17: local quality judge rejected article (no core real-estate/infrastructure topic, score 12)"
"task42-ref-0103","https://faridabad.nic.in/department/faridabad-metropolitan-development-authority-fmda","Administrative Setup","https://faridabad.nic.in/administrative-setup/","","REVIEW","REJECT","REJECT_OFFTOPIC","","OTHER","NO","Evidence does not establish Brokket-suitable positive real-estate coverage.","HIGH","filter 4: not positive target real-estate/project news; filter 5: no allowed city match; filter 17: local quality judge rejected article (no core real-estate/infrastructure topic, score 16)","filter 4: not positive target real-estate/project news; filter 5: no allowed city match; filter 17: local quality judge rejected article (no core real-estate/infrastructure topic, score 16)"
"task42-ref-0104","https://faridabad.nic.in/department/faridabad-metropolitan-development-authority-fmda","Organisational Chart","https://faridabad.nic.in/organisational-chart/","","REVIEW","REJECT","REJECT_OFFTOPIC","","OTHER","NO","Evidence does not establish Brokket-suitable positive real-estate coverage.","HIGH","filter 4: not positive target real-estate/project news; filter 5: no allowed city match; filter 17: local quality judge rejected article (no core real-estate/infrastructure topic, score 0)","filter 4: not positive target real-estate/project news; filter 5: no allowed city match; filter 17: local quality judge rejected article (no core real-estate/infrastructure topic, score 0)"
"task42-ref-0105","https://faridabad.nic.in/department/faridabad-metropolitan-development-authority-fmda","जिला फरीदाबाद District Faridabad","https://faridabad.nic.in/","","REVIEW","REJECT","REJECT_NEGATIVE","","INVESTMENT/BUSINESS","NO","Adverse, enforcement, dispute or negative safety signal is present.","HIGH","filter 4: not positive target real-estate/project news; filter 3: negative/crime/utility concern news; filter 5: no allowed city match; filter 17: local quality judge rejected article (negative/local topic outweighs project signal, score -18)","filter 4: not positive target real-estate/project news; filter 3: negative/crime/utility concern news; filter 5: no allowed city match; filter 17: local quality judge rejected article (negative/local topic outweighs project signal, score -18)"
"task42-ref-0106","https://gcda.kerala.gov.in","Completed Projects","https://gcda.kerala.gov.in/completed-projects","","REVIEW","REJECT","REVIEW","kochi","LAUNCH/PROJECT","YES","Full article names multiple markets without a city-scoped title or URL.","HIGH","filter 8: outside-city conflict; review: ambiguous multi-city geo evidence","filter 8: outside-city conflict; review: ambiguous multi-city geo evidence"
"task42-ref-0107","https://homekraft.in/media","New Projects in Noida |","https://homekraft.in/new-projects-in-noida","","REVIEW","REVIEW","REJECT_INSUFFICIENT","noida","LAUNCH/PROJECT","YES","Required full-article, date, content or geo evidence is incomplete.","HIGH","review: INSUFFICIENT_ARTICLE_EVIDENCE","review: INSUFFICIENT_ARTICLE_EVIDENCE"
"task42-ref-0108","https://homekraft.in/media","Online Payment Policy","https://homekraft.in/online-payment-policy/","","REVIEW","REJECT","REJECT_OFFTOPIC","","OTHER","NO","Evidence does not establish Brokket-suitable positive real-estate coverage.","HIGH","filter 4: not positive target real-estate/project news; filter 5: no allowed city match; filter 17: local quality judge rejected article (no core real-estate/infrastructure topic, score 0)","filter 4: not positive target real-estate/project news; filter 5: no allowed city match; filter 17: local quality judge rejected article (no core real-estate/infrastructure topic, score 0)"
"task42-ref-0109","https://homekraft.in/media","Province D Olympia","https://homekraft.in/province-d-olympia/","","REVIEW","REVIEW","REJECT_INSUFFICIENT","noida","INFRASTRUCTURE","YES","Required full-article, date, content or geo evidence is incomplete.","HIGH","review: INSUFFICIENT_ARTICLE_EVIDENCE","review: INSUFFICIENT_ARTICLE_EVIDENCE"
"task42-ref-0110","https://housing.com/news/category/news","Construction Know-How","https://housing.com/news/category/must-knows/construction-know-how/","","REVIEW","REJECT","REJECT_OFFTOPIC","","OTHER","NO","Evidence does not establish Brokket-suitable positive real-estate coverage.","HIGH","filter 4: not positive target real-estate/project news; filter 5: no allowed city match; filter 17: local quality judge rejected article (weak city evidence, score 57)","filter 4: not positive target real-estate/project news; filter 5: no allowed city match; filter 17: local quality judge rejected article (weak city evidence, score 57)"
"task42-ref-0111","https://housing.com/news/category/news","Rent Agreement Online","https://housing.com/edge/rent-agreement","","REVIEW","REJECT","REJECT_OFFTOPIC","","TRANSACTION","NO","Evidence does not establish Brokket-suitable positive real-estate coverage.","HIGH","filter 4: not positive target real-estate/project news; filter 5: no allowed city match; filter 17: local quality judge rejected article (weak city evidence, score 20)","filter 4: not positive target real-estate/project news; filter 5: no allowed city match; filter 17: local quality judge rejected article (weak city evidence, score 20)"
"task42-ref-0112","https://housing.com/news/category/news","Rent Receipt Online","https://housing.com/edge/rent-receipt-generator","","REVIEW","REJECT","REJECT_NEGATIVE","","INFRASTRUCTURE","NO","Adverse, enforcement, dispute or negative safety signal is present.","HIGH","filter 4: not positive target real-estate/project news; filter 3: negative/crime/utility concern news; filter 5: no allowed city match; filter 17: local quality judge rejected article (weak city evidence, score 24)","filter 4: not positive target real-estate/project news; filter 3: negative/crime/utility concern news; filter 5: no allowed city match; filter 17: local quality judge rejected article (weak city evidence, score 24)"
"task42-ref-0113","https://indianexpress.com/section/business/aviation/","ED arrests Ozone Urbana Infra Developer's CMD in ₹927.22 crore homebuyer alleged fraud case","https://realty.economictimes.indiatimes.com/news/regulatory/ed-arrests-ozone-urbana-infra-developers-cmd-in-927-22-crore-homebuyer-alleged-fraud-case/134650996","2026-10-03T02:42:47.000Z","REVIEW","REJECT","REJECT_NEGATIVE","","LEGAL/INSOLVENCY","NO","Adverse, enforcement, dispute or negative safety signal is present.","HIGH","filter 3: negative/crime/utility concern news; filter 5: no allowed city match; filter 9: no specific project/development signal; filter 17: local quality judge rejected article (weak city evidence, score 59)","filter 3: negative/crime/utility concern news; filter 5: no allowed city match; filter 9: no specific project/development signal; filter 17: local quality judge rejected article (weak city evidence, score 59)"
"task42-ref-0114","https://indianexpress.com/section/business/aviation/","Infrastructure must precede real estate development in Indian cities: CREDAI","https://realty.economictimes.indiatimes.com/news/industry/infrastructure-must-precede-real-estate-development-in-indian-cities-credai/134643889","2026-10-02T16:57:10.000Z","REVIEW","REJECT","REJECT_OFFTOPIC","","TRANSACTION","NO","Evidence does not establish Brokket-suitable positive real-estate coverage.","HIGH","filter 4: not positive target real-estate/project news; filter 5: no allowed city match; review: ambiguous multi-city geo evidence; filter 17: local quality judge rejected article (weak city evidence, score 136)","filter 4: not positive target real-estate/project news; filter 5: no allowed city match; review: ambiguous multi-city geo evidence; filter 17: local quality judge rejected article (weak city evidence, score 136)"
"task42-ref-0115","https://indianexpress.com/section/business/aviation/","NCLT admits insolvency plea by Kotak Mahindra Bank against Unity Realty","https://realty.economictimes.indiatimes.com/news/regulatory/nclt-admits-insolvency-plea-by-kotak-mahindra-bank-against-unity-realty/134651133","2026-10-03T02:59:10.000Z","REVIEW","REJECT","REJECT_NEGATIVE","","LEGAL/INSOLVENCY","NO","Adverse, enforcement, dispute or negative safety signal is present.","HIGH","filter 3: negative/crime/utility concern news; filter 5: no allowed city match; filter 9: no specific project/development signal; filter 17: local quality judge rejected article (weak city evidence, score 48)","filter 3: negative/crime/utility concern news; filter 5: no allowed city match; filter 9: no specific project/development signal; filter 17: local quality judge rejected article (weak city evidence, score 48)"
"task42-ref-0116","https://indianexpress.com/section/business/banking-and-finance/","ED arrests Ozone Urbana Infra Developer's CMD in ₹927.22 crore homebuyer alleged fraud case","https://realty.economictimes.indiatimes.com/news/regulatory/ed-arrests-ozone-urbana-infra-developers-cmd-in-927-22-crore-homebuyer-alleged-fraud-case/134650996","2026-10-03T02:42:47.000Z","REVIEW","REJECT","REJECT_NEGATIVE","","LEGAL/INSOLVENCY","NO","Adverse, enforcement, dispute or negative safety signal is present.","HIGH","filter 3: negative/crime/utility concern news; filter 5: no allowed city match; filter 9: no specific project/development signal; filter 17: local quality judge rejected article (weak city evidence, score 59)","filter 3: negative/crime/utility concern news; filter 5: no allowed city match; filter 9: no specific project/development signal; filter 17: local quality judge rejected article (weak city evidence, score 59)"
"task42-ref-0117","https://indianexpress.com/section/business/banking-and-finance/","Infrastructure must precede real estate development in Indian cities: CREDAI","https://realty.economictimes.indiatimes.com/news/industry/infrastructure-must-precede-real-estate-development-in-indian-cities-credai/134643889","2026-10-02T16:57:10.000Z","REVIEW","REJECT","REJECT_OFFTOPIC","","TRANSACTION","NO","Evidence does not establish Brokket-suitable positive real-estate coverage.","HIGH","filter 4: not positive target real-estate/project news; filter 5: no allowed city match; review: ambiguous multi-city geo evidence; filter 17: local quality judge rejected article (weak city evidence, score 136)","filter 4: not positive target real-estate/project news; filter 5: no allowed city match; review: ambiguous multi-city geo evidence; filter 17: local quality judge rejected article (weak city evidence, score 136)"
"task42-ref-0118","https://indianexpress.com/section/business/banking-and-finance/","NCLT admits insolvency plea by Kotak Mahindra Bank against Unity Realty","https://realty.economictimes.indiatimes.com/news/regulatory/nclt-admits-insolvency-plea-by-kotak-mahindra-bank-against-unity-realty/134651133","2026-10-03T02:59:10.000Z","REVIEW","REJECT","REJECT_NEGATIVE","","LEGAL/INSOLVENCY","NO","Adverse, enforcement, dispute or negative safety signal is present.","HIGH","filter 3: negative/crime/utility concern news; filter 5: no allowed city match; filter 9: no specific project/development signal; filter 17: local quality judge rejected article (weak city evidence, score 48)","filter 3: negative/crime/utility concern news; filter 5: no allowed city match; filter 9: no specific project/development signal; filter 17: local quality judge rejected article (weak city evidence, score 48)"
"task42-ref-0119","https://indianexpress.com/section/business/companies/","ED arrests Ozone Urbana Infra Developer's CMD in ₹927.22 crore homebuyer alleged fraud case","https://realty.economictimes.indiatimes.com/news/regulatory/ed-arrests-ozone-urbana-infra-developers-cmd-in-927-22-crore-homebuyer-alleged-fraud-case/134650996","2026-10-03T02:42:47.000Z","REVIEW","REJECT","REJECT_NEGATIVE","","LEGAL/INSOLVENCY","NO","Adverse, enforcement, dispute or negative safety signal is present.","HIGH","filter 3: negative/crime/utility concern news; filter 5: no allowed city match; filter 9: no specific project/development signal; filter 17: local quality judge rejected article (weak city evidence, score 59)","filter 3: negative/crime/utility concern news; filter 5: no allowed city match; filter 9: no specific project/development signal; filter 17: local quality judge rejected article (weak city evidence, score 59)"
"task42-ref-0120","https://indianexpress.com/section/business/companies/","Infrastructure must precede real estate development in Indian cities: CREDAI","https://realty.economictimes.indiatimes.com/news/industry/infrastructure-must-precede-real-estate-development-in-indian-cities-credai/134643889","2026-10-02T16:57:10.000Z","REVIEW","REJECT","REJECT_OFFTOPIC","","TRANSACTION","NO","Evidence does not establish Brokket-suitable positive real-estate coverage.","HIGH","filter 4: not positive target real-estate/project news; filter 5: no allowed city match; review: ambiguous multi-city geo evidence; filter 17: local quality judge rejected article (weak city evidence, score 136)","filter 4: not positive target real-estate/project news; filter 5: no allowed city match; review: ambiguous multi-city geo evidence; filter 17: local quality judge rejected article (weak city evidence, score 136)"
"task42-ref-0121","https://indianexpress.com/section/business/companies/","NCLT admits insolvency plea by Kotak Mahindra Bank against Unity Realty","https://realty.economictimes.indiatimes.com/news/regulatory/nclt-admits-insolvency-plea-by-kotak-mahindra-bank-against-unity-realty/134651133","2026-10-03T02:59:10.000Z","REVIEW","REJECT","REJECT_NEGATIVE","","LEGAL/INSOLVENCY","NO","Adverse, enforcement, dispute or negative safety signal is present.","HIGH","filter 3: negative/crime/utility concern news; filter 5: no allowed city match; filter 9: no specific project/development signal; filter 17: local quality judge rejected article (weak city evidence, score 48)","filter 3: negative/crime/utility concern news; filter 5: no allowed city match; filter 9: no specific project/development signal; filter 17: local quality judge rejected article (weak city evidence, score 48)"
"task42-ref-0122","https://indianexpress.com/section/business/economy/","ED arrests Ozone Urbana Infra Developer's CMD in ₹927.22 crore homebuyer alleged fraud case","https://realty.economictimes.indiatimes.com/news/regulatory/ed-arrests-ozone-urbana-infra-developers-cmd-in-927-22-crore-homebuyer-alleged-fraud-case/134650996","2026-10-03T02:42:47.000Z","REVIEW","REJECT","REJECT_NEGATIVE","","LEGAL/INSOLVENCY","NO","Adverse, enforcement, dispute or negative safety signal is present.","HIGH","filter 3: negative/crime/utility concern news; filter 5: no allowed city match; filter 9: no specific project/development signal; filter 17: local quality judge rejected article (weak city evidence, score 59)","filter 3: negative/crime/utility concern news; filter 5: no allowed city match; filter 9: no specific project/development signal; filter 17: local quality judge rejected article (weak city evidence, score 59)"
"task42-ref-0123","https://indianexpress.com/section/business/economy/","Infrastructure must precede real estate development in Indian cities: CREDAI","https://realty.economictimes.indiatimes.com/news/industry/infrastructure-must-precede-real-estate-development-in-indian-cities-credai/134643889","2026-10-02T16:57:10.000Z","REVIEW","REJECT","REJECT_OFFTOPIC","","TRANSACTION","NO","Evidence does not establish Brokket-suitable positive real-estate coverage.","HIGH","filter 4: not positive target real-estate/project news; filter 5: no allowed city match; review: ambiguous multi-city geo evidence; filter 17: local quality judge rejected article (weak city evidence, score 136)","filter 4: not positive target real-estate/project news; filter 5: no allowed city match; review: ambiguous multi-city geo evidence; filter 17: local quality judge rejected article (weak city evidence, score 136)"
"task42-ref-0124","https://indianexpress.com/section/business/economy/","NCLT admits insolvency plea by Kotak Mahindra Bank against Unity Realty","https://realty.economictimes.indiatimes.com/news/regulatory/nclt-admits-insolvency-plea-by-kotak-mahindra-bank-against-unity-realty/134651133","2026-10-03T02:59:10.000Z","REVIEW","REJECT","REJECT_NEGATIVE","","LEGAL/INSOLVENCY","NO","Adverse, enforcement, dispute or negative safety signal is present.","HIGH","filter 3: negative/crime/utility concern news; filter 5: no allowed city match; filter 9: no specific project/development signal; filter 17: local quality judge rejected article (weak city evidence, score 48)","filter 3: negative/crime/utility concern news; filter 5: no allowed city match; filter 9: no specific project/development signal; filter 17: local quality judge rejected article (weak city evidence, score 48)"
"task42-ref-0125","https://indianexpress.com/section/business/","ED arrests Ozone Urbana Infra Developer's CMD in ₹927.22 crore homebuyer alleged fraud case","https://realty.economictimes.indiatimes.com/news/regulatory/ed-arrests-ozone-urbana-infra-developers-cmd-in-927-22-crore-homebuyer-alleged-fraud-case/134650996","2026-10-03T02:42:47.000Z","REVIEW","REJECT","REJECT_NEGATIVE","","LEGAL/INSOLVENCY","NO","Adverse, enforcement, dispute or negative safety signal is present.","HIGH","filter 3: negative/crime/utility concern news; filter 5: no allowed city match; filter 9: no specific project/development signal; filter 17: local quality judge rejected article (weak city evidence, score 59)","filter 3: negative/crime/utility concern news; filter 5: no allowed city match; filter 9: no specific project/development signal; filter 17: local quality judge rejected article (weak city evidence, score 59)"
"task42-ref-0126","https://indianexpress.com/section/business/","Infrastructure must precede real estate development in Indian cities: CREDAI","https://realty.economictimes.indiatimes.com/news/industry/infrastructure-must-precede-real-estate-development-in-indian-cities-credai/134643889","2026-10-02T16:57:10.000Z","REVIEW","REJECT","REJECT_OFFTOPIC","","TRANSACTION","NO","Evidence does not establish Brokket-suitable positive real-estate coverage.","HIGH","filter 4: not positive target real-estate/project news; filter 5: no allowed city match; review: ambiguous multi-city geo evidence; filter 17: local quality judge rejected article (weak city evidence, score 136)","filter 4: not positive target real-estate/project news; filter 5: no allowed city match; review: ambiguous multi-city geo evidence; filter 17: local quality judge rejected article (weak city evidence, score 136)"
"task42-ref-0127","https://indianexpress.com/section/business/","NCLT admits insolvency plea by Kotak Mahindra Bank against Unity Realty","https://realty.economictimes.indiatimes.com/news/regulatory/nclt-admits-insolvency-plea-by-kotak-mahindra-bank-against-unity-realty/134651133","2026-10-03T02:59:10.000Z","REVIEW","REJECT","REJECT_NEGATIVE","","LEGAL/INSOLVENCY","NO","Adverse, enforcement, dispute or negative safety signal is present.","HIGH","filter 3: negative/crime/utility concern news; filter 5: no allowed city match; filter 9: no specific project/development signal; filter 17: local quality judge rejected article (weak city evidence, score 48)","filter 3: negative/crime/utility concern news; filter 5: no allowed city match; filter 9: no specific project/development signal; filter 17: local quality judge rejected article (weak city evidence, score 48)"
"task42-ref-0128","https://indianexpress.com/section/business/market/","ED arrests Ozone Urbana Infra Developer's CMD in ₹927.22 crore homebuyer alleged fraud case","https://realty.economictimes.indiatimes.com/news/regulatory/ed-arrests-ozone-urbana-infra-developers-cmd-in-927-22-crore-homebuyer-alleged-fraud-case/134650996","2026-10-03T02:42:47.000Z","REVIEW","REJECT","REJECT_NEGATIVE","","LEGAL/INSOLVENCY","NO","Adverse, enforcement, dispute or negative safety signal is present.","HIGH","filter 3: negative/crime/utility concern news; filter 5: no allowed city match; filter 9: no specific project/development signal; filter 17: local quality judge rejected article (weak city evidence, score 59)","filter 3: negative/crime/utility concern news; filter 5: no allowed city match; filter 9: no specific project/development signal; filter 17: local quality judge rejected article (weak city evidence, score 59)"
"task42-ref-0129","https://indianexpress.com/section/business/market/","Infrastructure must precede real estate development in Indian cities: CREDAI","https://realty.economictimes.indiatimes.com/news/industry/infrastructure-must-precede-real-estate-development-in-indian-cities-credai/134643889","2026-10-02T16:57:10.000Z","REVIEW","REJECT","REJECT_OFFTOPIC","","TRANSACTION","NO","Evidence does not establish Brokket-suitable positive real-estate coverage.","HIGH","filter 4: not positive target real-estate/project news; filter 5: no allowed city match; review: ambiguous multi-city geo evidence; filter 17: local quality judge rejected article (weak city evidence, score 136)","filter 4: not positive target real-estate/project news; filter 5: no allowed city match; review: ambiguous multi-city geo evidence; filter 17: local quality judge rejected article (weak city evidence, score 136)"
"task42-ref-0130","https://indianexpress.com/section/business/market/","NCLT admits insolvency plea by Kotak Mahindra Bank against Unity Realty","https://realty.economictimes.indiatimes.com/news/regulatory/nclt-admits-insolvency-plea-by-kotak-mahindra-bank-against-unity-realty/134651133","2026-10-03T02:59:10.000Z","REVIEW","REJECT","REJECT_NEGATIVE","","LEGAL/INSOLVENCY","NO","Adverse, enforcement, dispute or negative safety signal is present.","HIGH","filter 3: negative/crime/utility concern news; filter 5: no allowed city match; filter 9: no specific project/development signal; filter 17: local quality judge rejected article (weak city evidence, score 48)","filter 3: negative/crime/utility concern news; filter 5: no allowed city match; filter 9: no specific project/development signal; filter 17: local quality judge rejected article (weak city evidence, score 48)"
"task42-ref-0131","https://indianexpress.com/section/cities/","ED arrests Ozone Urbana Infra Developer's CMD in ₹927.22 crore homebuyer alleged fraud case","https://realty.economictimes.indiatimes.com/news/regulatory/ed-arrests-ozone-urbana-infra-developers-cmd-in-927-22-crore-homebuyer-alleged-fraud-case/134650996","2026-10-03T02:42:47.000Z","REVIEW","REJECT","REJECT_NEGATIVE","","LEGAL/INSOLVENCY","NO","Adverse, enforcement, dispute or negative safety signal is present.","HIGH","filter 3: negative/crime/utility concern news; filter 5: no allowed city match; filter 9: no specific project/development signal; filter 17: local quality judge rejected article (weak city evidence, score 59)","filter 3: negative/crime/utility concern news; filter 5: no allowed city match; filter 9: no specific project/development signal; filter 17: local quality judge rejected article (weak city evidence, score 59)"
"task42-ref-0132","https://indianexpress.com/section/cities/","Infrastructure must precede real estate development in Indian cities: CREDAI","https://realty.economictimes.indiatimes.com/news/industry/infrastructure-must-precede-real-estate-development-in-indian-cities-credai/134643889","2026-10-02T16:57:10.000Z","REVIEW","REJECT","REJECT_OFFTOPIC","","TRANSACTION","NO","Evidence does not establish Brokket-suitable positive real-estate coverage.","HIGH","filter 4: not positive target real-estate/project news; filter 5: no allowed city match; review: ambiguous multi-city geo evidence; filter 17: local quality judge rejected article (weak city evidence, score 136)","filter 4: not positive target real-estate/project news; filter 5: no allowed city match; review: ambiguous multi-city geo evidence; filter 17: local quality judge rejected article (weak city evidence, score 136)"
"task42-ref-0133","https://indianexpress.com/section/cities/","NCLT admits insolvency plea by Kotak Mahindra Bank against Unity Realty","https://realty.economictimes.indiatimes.com/news/regulatory/nclt-admits-insolvency-plea-by-kotak-mahindra-bank-against-unity-realty/134651133","2026-10-03T02:59:10.000Z","REVIEW","REJECT","REJECT_NEGATIVE","","LEGAL/INSOLVENCY","NO","Adverse, enforcement, dispute or negative safety signal is present.","HIGH","filter 3: negative/crime/utility concern news; filter 5: no allowed city match; filter 9: no specific project/development signal; filter 17: local quality judge rejected article (weak city evidence, score 48)","filter 3: negative/crime/utility concern news; filter 5: no allowed city match; filter 9: no specific project/development signal; filter 17: local quality judge rejected article (weak city evidence, score 48)"
"task42-ref-0134","https://indianexpress.com/section/governance/","ED arrests Ozone Urbana Infra Developer's CMD in ₹927.22 crore homebuyer alleged fraud case","https://realty.economictimes.indiatimes.com/news/regulatory/ed-arrests-ozone-urbana-infra-developers-cmd-in-927-22-crore-homebuyer-alleged-fraud-case/134650996","2026-10-03T02:42:47.000Z","REVIEW","REJECT","REJECT_NEGATIVE","","LEGAL/INSOLVENCY","NO","Adverse, enforcement, dispute or negative safety signal is present.","HIGH","filter 3: negative/crime/utility concern news; filter 5: no allowed city match; filter 9: no specific project/development signal; filter 17: local quality judge rejected article (weak city evidence, score 59)","filter 3: negative/crime/utility concern news; filter 5: no allowed city match; filter 9: no specific project/development signal; filter 17: local quality judge rejected article (weak city evidence, score 59)"
"task42-ref-0135","https://indianexpress.com/section/governance/","Infrastructure must precede real estate development in Indian cities: CREDAI","https://realty.economictimes.indiatimes.com/news/industry/infrastructure-must-precede-real-estate-development-in-indian-cities-credai/134643889","2026-10-02T16:57:10.000Z","REVIEW","REJECT","REJECT_OFFTOPIC","","TRANSACTION","NO","Evidence does not establish Brokket-suitable positive real-estate coverage.","HIGH","filter 4: not positive target real-estate/project news; filter 5: no allowed city match; review: ambiguous multi-city geo evidence; filter 17: local quality judge rejected article (weak city evidence, score 136)","filter 4: not positive target real-estate/project news; filter 5: no allowed city match; review: ambiguous multi-city geo evidence; filter 17: local quality judge rejected article (weak city evidence, score 136)"
"task42-ref-0136","https://indianexpress.com/section/governance/","NCLT admits insolvency plea by Kotak Mahindra Bank against Unity Realty","https://realty.economictimes.indiatimes.com/news/regulatory/nclt-admits-insolvency-plea-by-kotak-mahindra-bank-against-unity-realty/134651133","2026-10-03T02:59:10.000Z","REVIEW","REJECT","REJECT_NEGATIVE","","LEGAL/INSOLVENCY","NO","Adverse, enforcement, dispute or negative safety signal is present.","HIGH","filter 3: negative/crime/utility concern news; filter 5: no allowed city match; filter 9: no specific project/development signal; filter 17: local quality judge rejected article (weak city evidence, score 48)","filter 3: negative/crime/utility concern news; filter 5: no allowed city match; filter 9: no specific project/development signal; filter 17: local quality judge rejected article (weak city evidence, score 48)"
"task42-ref-0137","https://indianexpress.com/section/india/","ED arrests Ozone Urbana Infra Developer's CMD in ₹927.22 crore homebuyer alleged fraud case","https://realty.economictimes.indiatimes.com/news/regulatory/ed-arrests-ozone-urbana-infra-developers-cmd-in-927-22-crore-homebuyer-alleged-fraud-case/134650996","2026-10-03T02:42:47.000Z","REVIEW","REJECT","REJECT_NEGATIVE","","LEGAL/INSOLVENCY","NO","Adverse, enforcement, dispute or negative safety signal is present.","HIGH","filter 3: negative/crime/utility concern news; filter 5: no allowed city match; filter 9: no specific project/development signal; filter 17: local quality judge rejected article (weak city evidence, score 59)","filter 3: negative/crime/utility concern news; filter 5: no allowed city match; filter 9: no specific project/development signal; filter 17: local quality judge rejected article (weak city evidence, score 59)"
"task42-ref-0138","https://indianexpress.com/section/india/","Infrastructure must precede real estate development in Indian cities: CREDAI","https://realty.economictimes.indiatimes.com/news/industry/infrastructure-must-precede-real-estate-development-in-indian-cities-credai/134643889","2026-10-02T16:57:10.000Z","REVIEW","REJECT","REJECT_OFFTOPIC","","TRANSACTION","NO","Evidence does not establish Brokket-suitable positive real-estate coverage.","HIGH","filter 4: not positive target real-estate/project news; filter 5: no allowed city match; review: ambiguous multi-city geo evidence; filter 17: local quality judge rejected article (weak city evidence, score 136)","filter 4: not positive target real-estate/project news; filter 5: no allowed city match; review: ambiguous multi-city geo evidence; filter 17: local quality judge rejected article (weak city evidence, score 136)"
"task42-ref-0139","https://indianexpress.com/section/india/","NCLT admits insolvency plea by Kotak Mahindra Bank against Unity Realty","https://realty.economictimes.indiatimes.com/news/regulatory/nclt-admits-insolvency-plea-by-kotak-mahindra-bank-against-unity-realty/134651133","2026-10-03T02:59:10.000Z","REVIEW","REJECT","REJECT_NEGATIVE","","LEGAL/INSOLVENCY","NO","Adverse, enforcement, dispute or negative safety signal is present.","HIGH","filter 3: negative/crime/utility concern news; filter 5: no allowed city match; filter 9: no specific project/development signal; filter 17: local quality judge rejected article (weak city evidence, score 48)","filter 3: negative/crime/utility concern news; filter 5: no allowed city match; filter 9: no specific project/development signal; filter 17: local quality judge rejected article (weak city evidence, score 48)"
"task42-ref-0140","https://indianexpress.com/section/north-east-india/assam/","ED arrests Ozone Urbana Infra Developer's CMD in ₹927.22 crore homebuyer alleged fraud case","https://realty.economictimes.indiatimes.com/news/regulatory/ed-arrests-ozone-urbana-infra-developers-cmd-in-927-22-crore-homebuyer-alleged-fraud-case/134650996","2026-10-03T02:42:47.000Z","REVIEW","REJECT","REJECT_NEGATIVE","","LEGAL/INSOLVENCY","NO","Adverse, enforcement, dispute or negative safety signal is present.","HIGH","filter 3: negative/crime/utility concern news; filter 5: no allowed city match; filter 9: no specific project/development signal; filter 17: local quality judge rejected article (weak city evidence, score 59)","filter 3: negative/crime/utility concern news; filter 5: no allowed city match; filter 9: no specific project/development signal; filter 17: local quality judge rejected article (weak city evidence, score 59)"
"task42-ref-0141","https://indianexpress.com/section/north-east-india/assam/","Infrastructure must precede real estate development in Indian cities: CREDAI","https://realty.economictimes.indiatimes.com/news/industry/infrastructure-must-precede-real-estate-development-in-indian-cities-credai/134643889","2026-10-02T16:57:10.000Z","REVIEW","REJECT","REJECT_OFFTOPIC","","TRANSACTION","NO","Evidence does not establish Brokket-suitable positive real-estate coverage.","HIGH","filter 4: not positive target real-estate/project news; filter 5: no allowed city match; review: ambiguous multi-city geo evidence; filter 17: local quality judge rejected article (weak city evidence, score 136)","filter 4: not positive target real-estate/project news; filter 5: no allowed city match; review: ambiguous multi-city geo evidence; filter 17: local quality judge rejected article (weak city evidence, score 136)"
"task42-ref-0142","https://indianexpress.com/section/north-east-india/assam/","NCLT admits insolvency plea by Kotak Mahindra Bank against Unity Realty","https://realty.economictimes.indiatimes.com/news/regulatory/nclt-admits-insolvency-plea-by-kotak-mahindra-bank-against-unity-realty/134651133","2026-10-03T02:59:10.000Z","REVIEW","REJECT","REJECT_NEGATIVE","","LEGAL/INSOLVENCY","NO","Adverse, enforcement, dispute or negative safety signal is present.","HIGH","filter 3: negative/crime/utility concern news; filter 5: no allowed city match; filter 9: no specific project/development signal; filter 17: local quality judge rejected article (weak city evidence, score 48)","filter 3: negative/crime/utility concern news; filter 5: no allowed city match; filter 9: no specific project/development signal; filter 17: local quality judge rejected article (weak city evidence, score 48)"
"task42-ref-0143","https://indianexpress.com/section/north-east-india/","ED arrests Ozone Urbana Infra Developer's CMD in ₹927.22 crore homebuyer alleged fraud case","https://realty.economictimes.indiatimes.com/news/regulatory/ed-arrests-ozone-urbana-infra-developers-cmd-in-927-22-crore-homebuyer-alleged-fraud-case/134650996","2026-10-03T02:42:47.000Z","REVIEW","REJECT","REJECT_NEGATIVE","","LEGAL/INSOLVENCY","NO","Adverse, enforcement, dispute or negative safety signal is present.","HIGH","filter 3: negative/crime/utility concern news; filter 5: no allowed city match; filter 9: no specific project/development signal; filter 17: local quality judge rejected article (weak city evidence, score 59)","filter 3: negative/crime/utility concern news; filter 5: no allowed city match; filter 9: no specific project/development signal; filter 17: local quality judge rejected article (weak city evidence, score 59)"
"task42-ref-0144","https://indianexpress.com/section/north-east-india/","Infrastructure must precede real estate development in Indian cities: CREDAI","https://realty.economictimes.indiatimes.com/news/industry/infrastructure-must-precede-real-estate-development-in-indian-cities-credai/134643889","2026-10-02T16:57:10.000Z","REVIEW","REJECT","REJECT_OFFTOPIC","","TRANSACTION","NO","Evidence does not establish Brokket-suitable positive real-estate coverage.","HIGH","filter 4: not positive target real-estate/project news; filter 5: no allowed city match; review: ambiguous multi-city geo evidence; filter 17: local quality judge rejected article (weak city evidence, score 136)","filter 4: not positive target real-estate/project news; filter 5: no allowed city match; review: ambiguous multi-city geo evidence; filter 17: local quality judge rejected article (weak city evidence, score 136)"
"task42-ref-0145","https://indianexpress.com/section/north-east-india/","NCLT admits insolvency plea by Kotak Mahindra Bank against Unity Realty","https://realty.economictimes.indiatimes.com/news/regulatory/nclt-admits-insolvency-plea-by-kotak-mahindra-bank-against-unity-realty/134651133","2026-10-03T02:59:10.000Z","REVIEW","REJECT","REJECT_NEGATIVE","","LEGAL/INSOLVENCY","NO","Adverse, enforcement, dispute or negative safety signal is present.","HIGH","filter 3: negative/crime/utility concern news; filter 5: no allowed city match; filter 9: no specific project/development signal; filter 17: local quality judge rejected article (weak city evidence, score 48)","filter 3: negative/crime/utility concern news; filter 5: no allowed city match; filter 9: no specific project/development signal; filter 17: local quality judge rejected article (weak city evidence, score 48)"
"task42-ref-0146","https://indianexpress.com/section/north-east-india/tripura/","ED arrests Ozone Urbana Infra Developer's CMD in ₹927.22 crore homebuyer alleged fraud case","https://realty.economictimes.indiatimes.com/news/regulatory/ed-arrests-ozone-urbana-infra-developers-cmd-in-927-22-crore-homebuyer-alleged-fraud-case/134650996","2026-10-03T02:42:47.000Z","REVIEW","REJECT","REJECT_NEGATIVE","","LEGAL/INSOLVENCY","NO","Adverse, enforcement, dispute or negative safety signal is present.","HIGH","filter 3: negative/crime/utility concern news; filter 5: no allowed city match; filter 9: no specific project/development signal; filter 17: local quality judge rejected article (weak city evidence, score 59)","filter 3: negative/crime/utility concern news; filter 5: no allowed city match; filter 9: no specific project/development signal; filter 17: local quality judge rejected article (weak city evidence, score 59)"
"task42-ref-0147","https://indianexpress.com/section/north-east-india/tripura/","Infrastructure must precede real estate development in Indian cities: CREDAI","https://realty.economictimes.indiatimes.com/news/industry/infrastructure-must-precede-real-estate-development-in-indian-cities-credai/134643889","2026-10-02T16:57:10.000Z","REVIEW","REJECT","REJECT_OFFTOPIC","","TRANSACTION","NO","Evidence does not establish Brokket-suitable positive real-estate coverage.","HIGH","filter 4: not positive target real-estate/project news; filter 5: no allowed city match; review: ambiguous multi-city geo evidence; filter 17: local quality judge rejected article (weak city evidence, score 136)","filter 4: not positive target real-estate/project news; filter 5: no allowed city match; review: ambiguous multi-city geo evidence; filter 17: local quality judge rejected article (weak city evidence, score 136)"
"task42-ref-0148","https://indianexpress.com/section/north-east-india/tripura/","NCLT admits insolvency plea by Kotak Mahindra Bank against Unity Realty","https://realty.economictimes.indiatimes.com/news/regulatory/nclt-admits-insolvency-plea-by-kotak-mahindra-bank-against-unity-realty/134651133","2026-10-03T02:59:10.000Z","REVIEW","REJECT","REJECT_NEGATIVE","","LEGAL/INSOLVENCY","NO","Adverse, enforcement, dispute or negative safety signal is present.","HIGH","filter 3: negative/crime/utility concern news; filter 5: no allowed city match; filter 9: no specific project/development signal; filter 17: local quality judge rejected article (weak city evidence, score 48)","filter 3: negative/crime/utility concern news; filter 5: no allowed city match; filter 9: no specific project/development signal; filter 17: local quality judge rejected article (weak city evidence, score 48)"
"task42-ref-0149","https://infra.economictimes.indiatimes.com/rss/videostories","Bengaluru is now a water-surplus city: V Ram Prasath Manohar, Chairman, BWSSB","https://infra.economictimes.indiatimes.com/videos/bengaluru-is-now-a-water-surplus-city-v-ram-prasath-manohar-chairman-bwssb/130830505","2026-05-05T13:32:31.000Z","REVIEW","REJECT","REJECT_OFFTOPIC","","INVESTMENT/BUSINESS","NO","Evidence does not establish Brokket-suitable positive real-estate coverage.","HIGH","filter 4: not positive target real-estate/project news; filter 1: spam/menu page; filter 5: no allowed city match; filter 7: outside region in title/description; filter 8: outside-city conflict; filter 17: local quality judge rejected article (no core real-estate/infrastructure topic, score 14)","filter 4: not positive target real-estate/project news; filter 1: spam/menu page; filter 5: no allowed city match; filter 7: outside region in title/description; filter 8: outside-city conflict; filter 17: local quality judge rejected article (no core real-estate/infrastructure topic, score 14)"
"task42-ref-0150","https://infra.economictimes.indiatimes.com/rss/videostories","Merlinhawk Aerospace to boost composite design through new JV: R Ramachandra Rao","https://infra.economictimes.indiatimes.com/videos/merlinhawk-aerospace-to-boost-composite-design-through-new-jv-r-ramachandra-rao/132418966","2026-07-15T15:39:02.000Z","REVIEW","REJECT","REJECT_OFFTOPIC","","INFRASTRUCTURE","NO","Evidence does not establish Brokket-suitable positive real-estate coverage.","HIGH","filter 4: not positive target real-estate/project news; filter 1: spam/menu page; filter 5: no allowed city match; filter 8: outside-city conflict; filter 17: local quality judge rejected article (no core real-estate/infrastructure topic, score 24)","filter 4: not positive target real-estate/project news; filter 1: spam/menu page; filter 5: no allowed city match; filter 8: outside-city conflict; filter 17: local quality judge rejected article (no core real-estate/infrastructure topic, score 24)"
"task42-ref-0151","https://infra.economictimes.indiatimes.com/rss/videostories","New procurement model required for drones, new age tech adoption: ZUPPA MD Sai Pattabiram","https://infra.economictimes.indiatimes.com/videos/india-needs-an-apple-model-for-drone-development-zuppa-md-sai-pattabiram/133210939","2026-08-13T11:56:45.000Z","REVIEW","REJECT","REJECT_OFFTOPIC","","INVESTMENT/BUSINESS","NO","Evidence does not establish Brokket-suitable positive real-estate coverage.","HIGH","filter 4: not positive target real-estate/project news; filter 1: spam/menu page; filter 5: no allowed city match; filter 17: local quality judge rejected article (weak city evidence, score 16)","filter 4: not positive target real-estate/project news; filter 1: spam/menu page; filter 5: no allowed city match; filter 17: local quality judge rejected article (weak city evidence, score 16)"
"task42-ref-0152","https://ncrpb.nic.in","Click Here for All Updates","https://ncrpb.nic.in/whats_new.html","","REVIEW","REJECT","REJECT_OFFTOPIC","","OTHER","NO","Evidence does not establish Brokket-suitable positive real-estate coverage.","HIGH","filter 4: not positive target real-estate/project news; filter 5: no allowed city match; filter 17: local quality judge rejected article (no core real-estate/infrastructure topic, score 0)","filter 4: not positive target real-estate/project news; filter 5: no allowed city match; filter 17: local quality judge rejected article (no core real-estate/infrastructure topic, score 0)"
"task42-ref-0153","https://ncrpb.nic.in","Financing Guideline","https://ncrpb.nic.in/pdf_files/financial%20guideline_2016-5.pdf","","REVIEW","REJECT","REJECT_OFFTOPIC","","OTHER","NO","Evidence does not establish Brokket-suitable positive real-estate coverage.","HIGH","filter 15: direct media/PDF link, not article page; filter 4: not positive target real-estate/project news; filter 5: no allowed city match; filter 17: local quality judge rejected article (no core real-estate/infrastructure topic, score 0)","filter 15: direct media/PDF link, not article page; filter 4: not positive target real-estate/project news; filter 5: no allowed city match; filter 17: local quality judge rejected article (no core real-estate/infrastructure topic, score 0)"
"task42-ref-0154","https://ncrpb.nic.in","Planning Committee Meetings","https://ncrpb.nic.in/planning_committee.html","","REVIEW","REJECT","REJECT_OFFTOPIC","","OTHER","NO","Evidence does not establish Brokket-suitable positive real-estate coverage.","HIGH","filter 4: not positive target real-estate/project news; filter 5: no allowed city match; filter 17: local quality judge rejected article (no core real-estate/infrastructure topic, score 0)","filter 4: not positive target real-estate/project news; filter 5: no allowed city match; filter 17: local quality judge rejected article (no core real-estate/infrastructure topic, score 0)"
"task42-ref-0155","https://ncrtc.in/ncrtc-updates","Our Vision, Logo & Values","https://ncrtc.in/our-vision-and-logo/","2026-09-29T18:30:00.000Z","REVIEW","REJECT","REJECT_OFFTOPIC","","OTHER","NO","Evidence does not establish Brokket-suitable positive real-estate coverage.","HIGH","filter 4: not positive target real-estate/project news; filter 5: no allowed city match; filter 17: local quality judge rejected article (no core real-estate/infrastructure topic, score 6)","filter 4: not positive target real-estate/project news; filter 5: no allowed city match; filter 17: local quality judge rejected article (no core real-estate/infrastructure topic, score 6)"
"task42-ref-0156","https://ncrtc.in/ncrtc-updates","Revision of standard specifications of Electrical & Electromechanical systems of Metro rail","https://ncrtc.in/wp-content/uploads/2023/04/MoHUA-website-Report-on-Electrical-and-Electromechanical-2-52.pdf","","REVIEW","REJECT","REJECT_OFFTOPIC","","INFRASTRUCTURE","NO","Evidence does not establish Brokket-suitable positive real-estate coverage.","HIGH","filter 15: direct media/PDF link, not article page; filter 4: not positive target real-estate/project news; filter 5: no allowed city match; filter 17: local quality judge rejected article (weak city evidence, score 12)","filter 15: direct media/PDF link, not article page; filter 4: not positive target real-estate/project news; filter 5: no allowed city match; filter 17: local quality judge rejected article (weak city evidence, score 12)"
"task42-ref-0157","https://publish.tribuneindia.com/city/chandigarh/feed","‘Khadi Se Swachhata’ marks Gandhi Jayanti in Chandigarh","https://www.tribuneindia.com/news/chandigarh/khadi-se-swachhata-marks-gandhi-jayanti-in-chandigarh","2026-10-02T20:01:54.000Z","REVIEW","REJECT","REJECT_NEGATIVE","","LEGAL/INSOLVENCY","NO","Adverse, enforcement, dispute or negative safety signal is present.","HIGH","filter 4: not positive target real-estate/project news; filter 1: spam/menu page; filter 3: negative/crime/utility concern news; filter 5: no allowed city match; filter 7: outside region in title/description; filter 8: outside-city conflict; filter 17: local quality judge rejected article (no core real-estate/infrastructure topic, score 2)","filter 4: not positive target real-estate/project news; filter 1: spam/menu page; filter 3: negative/crime/utility concern news; filter 5: no allowed city match; filter 7: outside region in title/description; filter 8: outside-city conflict; filter 17: local quality judge rejected article (no core real-estate/infrastructure topic, score 2)"
"task42-ref-0158","https://publish.tribuneindia.com/city/chandigarh/feed","Audit flags delay in action against Masih over ballot paper tampering in 2024 Chandigarh mayoral poll","https://www.tribuneindia.com/news/chandigarh/audit-flags-delay-in-action-against-masih-over-ballot-paper-tampering-in-2024-chandigarh-mayoral-poll","2026-10-02T20:25:36.000Z","REVIEW","REJECT","REJECT_NEGATIVE","","LEGAL/INSOLVENCY","NO","Adverse, enforcement, dispute or negative safety signal is present.","HIGH","filter 4: not positive target real-estate/project news; filter 3: negative/crime/utility concern news; filter 5: no allowed city match; filter 7: outside region in title/description; filter 8: outside-city conflict; filter 17: local quality judge rejected article (no core real-estate/infrastructure topic, score -11)","filter 4: not positive target real-estate/project news; filter 3: negative/crime/utility concern news; filter 5: no allowed city match; filter 7: outside region in title/description; filter 8: outside-city conflict; filter 17: local quality judge rejected article (no core real-estate/infrastructure topic, score -11)"
"task42-ref-0159","https://publish.tribuneindia.com/city/chandigarh/feed","Cop’s murder: Main suspect’s friend held","https://www.tribuneindia.com/news/chandigarh/cops-murder-main-suspects-friend-held","2026-10-02T20:11:41.000Z","REVIEW","REJECT","REJECT_NEGATIVE","","LEGAL/INSOLVENCY","NO","Adverse, enforcement, dispute or negative safety signal is present.","HIGH","filter 4: not positive target real-estate/project news; filter 3: negative/crime/utility concern news; filter 5: no allowed city match; filter 8: outside-city conflict; filter 17: local quality judge rejected article (strong non-real-estate local topic, score -80)","filter 4: not positive target real-estate/project news; filter 3: negative/crime/utility concern news; filter 5: no allowed city match; filter 8: outside-city conflict; filter 17: local quality judge rejected article (strong non-real-estate local topic, score -80)"
"task42-ref-0160","https://publish.tribuneindia.com/city/delhi/feed","Delhi Police register 3 FIRs over Jantar Mantar protests seeking CEC’s resignation","https://www.tribuneindia.com/news/delhi/delhi-police-register-3-firs-over-jantar-mantar-protests-seeking-cecs-resignation","2026-10-03T07:38:48.000Z","REVIEW","REJECT","REJECT_NEGATIVE","","LEGAL/INSOLVENCY","NO","Adverse, enforcement, dispute or negative safety signal is present.","HIGH","filter 4: not positive target real-estate/project news; filter 1: spam/menu page; filter 3: negative/crime/utility concern news; filter 5: no allowed city match; filter 7: outside region in title/description; filter 8: outside-city conflict; filter 17: local quality judge rejected article (negative/local topic outweighs project signal, score -54)","filter 4: not positive target real-estate/project news; filter 1: spam/menu page; filter 3: negative/crime/utility concern news; filter 5: no allowed city match; filter 7: outside region in title/description; filter 8: outside-city conflict; filter 17: local quality judge rejected article (negative/local topic outweighs project signal, score -54)"
"task42-ref-0161","https://publish.tribuneindia.com/city/delhi/feed","Gurugram to Amritsar in just 4.5 hours: How new expressway network is transforming NCR-Punjab road travel","https://www.tribuneindia.com/news/gurugram/gurugram-to-amritsar-in-just-4-5-hours-how-new-expressway-network-is-transforming-ncr-punjab-road-travel","2026-10-03T11:32:02.000Z","REVIEW","REJECT","REJECT_NEGATIVE","","LEGAL/INSOLVENCY","YES","Adverse, enforcement, dispute or negative safety signal is present.","HIGH","filter 3: negative/crime/utility concern news; filter 5: no allowed city match; filter 17: local quality judge rejected article (weak city evidence, score 34)","filter 3: negative/crime/utility concern news; filter 5: no allowed city match; filter 17: local quality judge rejected article (weak city evidence, score 34)"
"task42-ref-0162","https://publish.tribuneindia.com/city/delhi/feed","Priyanka Gandhi backs LSR students’ protest, says women cannot be expected to live in fear","https://www.tribuneindia.com/news/india/priyanka-gandhi-backs-lsr-students-protest-says-women-cannot-be-expected-to-live-in-fear","2026-10-03T10:24:51.000Z","REVIEW","REJECT","REJECT_NEGATIVE","","LEGAL/INSOLVENCY","NO","Adverse, enforcement, dispute or negative safety signal is present.","HIGH","filter 4: not positive target real-estate/project news; filter 1: spam/menu page; filter 3: negative/crime/utility concern news; filter 5: no allowed city match; filter 7: outside region in title/description; filter 8: outside-city conflict; filter 17: local quality judge rejected article (strong non-real-estate local topic, score -50)","filter 4: not positive target real-estate/project news; filter 1: spam/menu page; filter 3: negative/crime/utility concern news; filter 5: no allowed city match; filter 7: outside region in title/description; filter 8: outside-city conflict; filter 17: local quality judge rejected article (strong non-real-estate local topic, score -50)"
"task42-ref-0163","https://publish.tribuneindia.com/newscategory/business/feed","CBI chargesheets RCom, ex-chief investment officer of LIC in Rs 3,750 crore cheating case","https://www.tribuneindia.com/news/business/cbi-chargesheets-rcom-ex-chief-investment-officer-of-lic-in-rs-3750-crore-cheating-case","2026-10-03T11:39:08.000Z","REVIEW","REJECT","REJECT_NEGATIVE","","LEGAL/INSOLVENCY","NO","Adverse, enforcement, dispute or negative safety signal is present.","HIGH","filter 4: not positive target real-estate/project news; filter 3: negative/crime/utility concern news; filter 5: no allowed city match; review: ambiguous multi-city geo evidence; filter 17: local quality judge rejected article (weak city evidence, score 14)","filter 4: not positive target real-estate/project news; filter 3: negative/crime/utility concern news; filter 5: no allowed city match; review: ambiguous multi-city geo evidence; filter 17: local quality judge rejected article (weak city evidence, score 14)"
"task42-ref-0164","https://publish.tribuneindia.com/newscategory/business/feed","India demonstrates first 5.56-km free-space quantum-secure communication link","https://www.tribuneindia.com/news/bisag-n/india-demonstrates-first-5-56-km-free-space-quantum-secure-communication-link","2026-10-03T12:47:31.000Z","REVIEW","REJECT","REJECT_NEGATIVE","","LEGAL/INSOLVENCY","NO","Adverse, enforcement, dispute or negative safety signal is present.","HIGH","filter 4: not positive target real-estate/project news; filter 3: negative/crime/utility concern news; filter 5: no allowed city match; review: ambiguous multi-city geo evidence; filter 17: local quality judge rejected article (no core real-estate/infrastructure topic, score 6)","filter 4: not positive target real-estate/project news; filter 3: negative/crime/utility concern news; filter 5: no allowed city match; review: ambiguous multi-city geo evidence; filter 17: local quality judge rejected article (no core real-estate/infrastructure topic, score 6)"
"task42-ref-0165","https://publish.tribuneindia.com/newscategory/business/feed","Thhiya Builds a New Decision Layer for Cross Border Solution to Global Workforce","https://www.tribuneindia.com/news/advertorial-disclaimer/thhiya-builds-a-new-decision-layer-for-cross-border-solution-to-global-workforce","2026-10-03T12:47:39.000Z","REVIEW","REJECT","REJECT_OFFTOPIC","","RERA/REGULATORY","NO","Evidence does not establish Brokket-suitable positive real-estate coverage.","HIGH","filter 4: not positive target real-estate/project news; filter 5: no allowed city match; filter 7: outside region in title/description; filter 8: outside-city conflict; filter 17: local quality judge rejected article (no core real-estate/infrastructure topic, score 0)","filter 4: not positive target real-estate/project news; filter 5: no allowed city match; filter 7: outside region in title/description; filter 8: outside-city conflict; filter 17: local quality judge rejected article (no core real-estate/infrastructure topic, score 0)"
"task42-ref-0166","https://publish.tribuneindia.com/state/haryana/feed","Karnal pacer Anshul Kamboj set to make ODI debut against West Indies in Mullanpur","https://www.tribuneindia.com/news/sports/karnal-pacer-anshul-kamboj-set-to-make-odi-debut-against-west-indies-in-mullanpur","2026-10-03T09:10:27.000Z","REVIEW","REJECT","REJECT_NEGATIVE","","LEGAL/INSOLVENCY","NO","Adverse, enforcement, dispute or negative safety signal is present.","HIGH","filter 4: not positive target real-estate/project news; filter 3: negative/crime/utility concern news; filter 5: no allowed city match; filter 17: local quality judge rejected article (no core real-estate/infrastructure topic, score 0)","filter 4: not positive target real-estate/project news; filter 3: negative/crime/utility concern news; filter 5: no allowed city match; filter 17: local quality judge rejected article (no core real-estate/infrastructure topic, score 0)"
"task42-ref-0167","https://publish.tribuneindia.com/state/haryana/feed","Nuh sports dept scam: DSO, 4 others booked for Rs 8.37 lakh salary fraud in kabaddi nurseries","https://www.tribuneindia.com/news/haryana/nuh-sports-dept-scam-dso-4-others-booked-for-rs-8-37-lakh-salary-fraud-in-kabaddi-nurseries","2026-10-03T11:10:07.000Z","REVIEW","REJECT","REJECT_NEGATIVE","","LEGAL/INSOLVENCY","NO","Adverse, enforcement, dispute or negative safety signal is present.","HIGH","filter 4: not positive target real-estate/project news; filter 1: spam/menu page; filter 3: negative/crime/utility concern news; filter 5: no allowed city match; review: ambiguous multi-city geo evidence; filter 17: local quality judge rejected article (negative/local topic outweighs project signal, score -30)","filter 4: not positive target real-estate/project news; filter 1: spam/menu page; filter 3: negative/crime/utility concern news; filter 5: no allowed city match; review: ambiguous multi-city geo evidence; filter 17: local quality judge rejected article (negative/local topic outweighs project signal, score -30)"
"task42-ref-0168","https://publish.tribuneindia.com/state/haryana/feed","PM Modi to hold key meet on Haryana today; CM Nayab Saini, 48 MLAs, state BJP chief Archana Gupta to attend","https://www.tribuneindia.com/news/delhi/pm-modi-to-hold-key-meet-on-haryana-today-cm-nayab-saini-48-mlas-archana-gupta-to-attend","2026-10-03T05:55:28.000Z","REVIEW","REJECT","REJECT_NEGATIVE","","LEGAL/INSOLVENCY","YES","Adverse, enforcement, dispute or negative safety signal is present.","HIGH","filter 3: negative/crime/utility concern news; filter 5: no allowed city match; filter 17: local quality judge rejected article (negative/local topic outweighs project signal, score -5)","filter 3: negative/crime/utility concern news; filter 5: no allowed city match; filter 17: local quality judge rejected article (negative/local topic outweighs project signal, score -5)"
"task42-ref-0169","https://publish.tribuneindia.com/state/himachal/feed","13-day Raila standoff ends as NHPC agrees to relief claims","https://www.tribuneindia.com/news/himachal/13-day-raila-standoff-ends-as-nhpc-agrees-to-relief-claims","2026-10-02T20:18:39.000Z","REVIEW","REJECT","REJECT_NEGATIVE","","LEGAL/INSOLVENCY","NO","Adverse, enforcement, dispute or negative safety signal is present.","HIGH","filter 4: not positive target real-estate/project news; filter 3: negative/crime/utility concern news; filter 5: no allowed city match; filter 17: local quality judge rejected article (weak city evidence, score 10)","filter 4: not positive target real-estate/project news; filter 3: negative/crime/utility concern news; filter 5: no allowed city match; filter 17: local quality judge rejected article (weak city evidence, score 10)"
"task42-ref-0170","https://publish.tribuneindia.com/state/himachal/feed","New paragliding site takes shape near Keylong","https://www.tribuneindia.com/news/himachal/new-paragliding-site-takes-shape-near-keylong","2026-10-02T19:35:08.000Z","REVIEW","REJECT","REJECT_NEGATIVE","","LEGAL/INSOLVENCY","NO","Adverse, enforcement, dispute or negative safety signal is present.","HIGH","filter 4: not positive target real-estate/project news; filter 3: negative/crime/utility concern news; filter 5: no allowed city match; filter 17: local quality judge rejected article (no core real-estate/infrastructure topic, score 0)","filter 4: not positive target real-estate/project news; filter 3: negative/crime/utility concern news; filter 5: no allowed city match; filter 17: local quality judge rejected article (no core real-estate/infrastructure topic, score 0)"
"task42-ref-0171","https://publish.tribuneindia.com/state/himachal/feed","Public meetings, protests banned at 10 key locations in Shimla till November 30","https://www.tribuneindia.com/news/himachal/public-meetings-protests-banned-at-10-key-locations-in-shimla-till-november-30","2026-10-03T11:31:01.000Z","REVIEW","REJECT","REJECT_NEGATIVE","","RERA/REGULATORY","NO","Adverse, enforcement, dispute or negative safety signal is present.","HIGH","filter 4: not positive target real-estate/project news; filter 3: negative/crime/utility concern news; filter 5: no allowed city match; filter 17: local quality judge rejected article (no core real-estate/infrastructure topic, score 5)","filter 4: not positive target real-estate/project news; filter 3: negative/crime/utility concern news; filter 5: no allowed city match; filter 17: local quality judge rejected article (no core real-estate/infrastructure topic, score 5)"
"task42-ref-0172","https://publish.tribuneindia.com/state/uttar-pradesh/feed","‘BSP is my family’: Mayawati’s nephew Akash Anand seeks another chance after expulsion","https://www.tribuneindia.com/news/uttar-pradesh/bsp-is-my-family-mayawatis-nephew-akash-anand-seeks-another-chance-after-expulsion","2026-10-02T13:05:25.000Z","REVIEW","REJECT","REJECT_NEGATIVE","","LEGAL/INSOLVENCY","NO","Adverse, enforcement, dispute or negative safety signal is present.","HIGH","filter 4: not positive target real-estate/project news; filter 3: negative/crime/utility concern news; filter 5: no allowed city match; filter 17: local quality judge rejected article (negative/local topic outweighs project signal, score -9)","filter 4: not positive target real-estate/project news; filter 3: negative/crime/utility concern news; filter 5: no allowed city match; filter 17: local quality judge rejected article (negative/local topic outweighs project signal, score -9)"
"task42-ref-0173","https://publish.tribuneindia.com/state/uttar-pradesh/feed","Congress rejigs UP unit ahead of 2027 Assembly polls; Aradhana Misra gets PCC chief’s post","https://www.tribuneindia.com/news/india/congress-rejigs-up-unit-ahead-of-2027-assembly-polls-aradhana-misra-gets-pcc-chiefs-post","2026-10-02T16:16:03.000Z","REVIEW","REJECT","REJECT_NEGATIVE","","LEGAL/INSOLVENCY","NO","Adverse, enforcement, dispute or negative safety signal is present.","HIGH","filter 4: not positive target real-estate/project news; filter 3: negative/crime/utility concern news; filter 5: no allowed city match; review: ambiguous multi-city geo evidence; filter 17: local quality judge rejected article (negative/local topic outweighs project signal, score -1)","filter 4: not positive target real-estate/project news; filter 3: negative/crime/utility concern news; filter 5: no allowed city match; review: ambiguous multi-city geo evidence; filter 17: local quality judge rejected article (negative/local topic outweighs project signal, score -1)"
"task42-ref-0174","https://publish.tribuneindia.com/state/uttar-pradesh/feed","Temple trust in Mathura to use computerised machine to test purity of metal donations","https://www.tribuneindia.com/news/uttar-pradesh/temple-trust-in-mathura-to-use-computerised-machine-to-test-purity-of-metal-donations","2026-10-02T08:13:24.000Z","REVIEW","REJECT","REJECT_NEGATIVE","","LEGAL/INSOLVENCY","NO","Adverse, enforcement, dispute or negative safety signal is present.","HIGH","filter 4: not positive target real-estate/project news; filter 3: negative/crime/utility concern news; filter 5: no allowed city match; filter 17: local quality judge rejected article (no core real-estate/infrastructure topic, score 0)","filter 4: not positive target real-estate/project news; filter 3: negative/crime/utility concern news; filter 5: no allowed city match; filter 17: local quality judge rejected article (no core real-estate/infrastructure topic, score 0)"
"task42-ref-0175","https://realty.economictimes.indiatimes.com/rss/startups","India Accelerator to invest $5 million to double footprint in next 12-18 months","https://realty.economictimes.indiatimes.com/news/startups/india-accelerator-to-invest-5-million-to-double-footprint-in-next-12-18-months/129753353","2026-03-23T12:57:29.000Z","REVIEW","REJECT","REJECT_OFFTOPIC","","OTHER","NO","Evidence does not establish Brokket-suitable positive real-estate coverage.","HIGH","filter 4: not positive target real-estate/project news; filter 1: spam/menu page; filter 5: no allowed city match; review: ambiguous multi-city geo evidence; filter 10: broad market/company update, not city project news; filter 17: local quality judge rejected article (weak city evidence, score 32)","filter 4: not positive target real-estate/project news; filter 1: spam/menu page; filter 5: no allowed city match; review: ambiguous multi-city geo evidence; filter 10: broad market/company update, not city project news; filter 17: local quality judge rejected article (weak city evidence, score 32)"
"task42-ref-0176","https://timesofindia.indiatimes.com/rssfeeds/-2128821153.cms","Guj HC orders FIR into DGFT officer’s custodial death during CBI raid","https://timesofindia.indiatimes.com/city/ahmedabad/guj-hc-orders-fir-into-dgft-officers-custodial-death-during-cbi-raid/articleshow/134645808.cms","2026-10-02T18:30:00.000Z","REVIEW","REJECT","REJECT_NEGATIVE","","LEGAL/INSOLVENCY","NO","Adverse, enforcement, dispute or negative safety signal is present.","HIGH","filter 4: not positive target real-estate/project news; filter 3: negative/crime/utility concern news; filter 5: no allowed city match; filter 7: outside region in title/description; filter 8: outside-city conflict; filter 17: local quality judge rejected article (negative/local topic outweighs project signal, score -5)","filter 4: not positive target real-estate/project news; filter 3: negative/crime/utility concern news; filter 5: no allowed city match; filter 7: outside region in title/description; filter 8: outside-city conflict; filter 17: local quality judge rejected article (negative/local topic outweighs project signal, score -5)"
"task42-ref-0177","https://timesofindia.indiatimes.com/rssfeeds/-2128821153.cms","Gujarat UCC to come into force after rules are notified","https://timesofindia.indiatimes.com/city/ahmedabad/gujarat-ucc-to-come-into-force-after-rules-are-notified/articleshow/134645292.cms","2026-10-02T18:30:00.000Z","REVIEW","REJECT","REJECT_OFFTOPIC","","OTHER","NO","Evidence does not establish Brokket-suitable positive real-estate coverage.","HIGH","filter 4: not positive target real-estate/project news; filter 5: no allowed city match; filter 7: outside region in title/description; filter 8: outside-city conflict; filter 17: local quality judge rejected article (no core real-estate/infrastructure topic, score 0)","filter 4: not positive target real-estate/project news; filter 5: no allowed city match; filter 7: outside region in title/description; filter 8: outside-city conflict; filter 17: local quality judge rejected article (no core real-estate/infrastructure topic, score 0)"
"task42-ref-0178","https://timesofindia.indiatimes.com/rssfeeds/-2128821153.cms","Machchhar, Hathi, Ghoda: Curious menagerie in Gujarati surnames","https://timesofindia.indiatimes.com/city/ahmedabad/machchhar-hathi-ghoda-curious-menagerie-in-gujarati-surnames/articleshow/134651125.cms","2026-10-02T18:30:00.000Z","REVIEW","REJECT","REJECT_OFFTOPIC","","OTHER","NO","Evidence does not establish Brokket-suitable positive real-estate coverage.","HIGH","filter 4: not positive target real-estate/project news; filter 1: spam/menu page; filter 5: no allowed city match; filter 8: outside-city conflict; filter 17: local quality judge rejected article (no core real-estate/infrastructure topic, score 0)","filter 4: not positive target real-estate/project news; filter 1: spam/menu page; filter 5: no allowed city match; filter 8: outside-city conflict; filter 17: local quality judge rejected article (no core real-estate/infrastructure topic, score 0)"
"task42-ref-0179","https://timesofindia.indiatimes.com/rssfeeds/-2128839596.cms","‘Unsafe, substandard’: FSSAI flags Nestle dairy whitener sample from Delhi’s Hotel Lalit; orders sales halt","https://timesofindia.indiatimes.com/city/delhi/unsafe-substandard-fssai-flags-nestle-dairy-whitener-sample-from-delhis-hotel-lalit/articleshow/134657258.cms","2026-10-02T18:30:00.000Z","REVIEW","REJECT","REJECT_OFFTOPIC","","TRANSACTION","NO","Evidence does not establish Brokket-suitable positive real-estate coverage.","HIGH","filter 4: not positive target real-estate/project news; review: INSUFFICIENT_ARTICLE_EVIDENCE; filter 5: no allowed city match; filter 7: outside region in title/description; filter 8: outside-city conflict; filter 17: local quality judge rejected article (no core real-estate/infrastructure topic, score 0)","filter 4: not positive target real-estate/project news; review: INSUFFICIENT_ARTICLE_EVIDENCE; filter 5: no allowed city match; filter 7: outside region in title/description; filter 8: outside-city conflict; filter 17: local quality judge rejected article (no core real-estate/infrastructure topic, score 0)"
"task42-ref-0180","https://timesofindia.indiatimes.com/rssfeeds/-2128839596.cms","Punjab Congress chief Pargat Singh says Punjabis reject ‘politics of hatred’","https://timesofindia.indiatimes.com/city/delhi/punjab-congress-chief-pargat-singh-says-punjabis-reject-politics-of-hatred/articleshow/134652330.cms","2026-10-02T18:30:00.000Z","REVIEW","REJECT","REJECT_NEGATIVE","","OTHER","NO","Adverse, enforcement, dispute or negative safety signal is present.","HIGH","filter 4: not positive target real-estate/project news; filter 1: spam/menu page; filter 5: no allowed city match; filter 8: outside-city conflict; filter 17: local quality judge rejected article (negative/local topic outweighs project signal, score -9)","filter 4: not positive target real-estate/project news; filter 1: spam/menu page; filter 5: no allowed city match; filter 8: outside-city conflict; filter 17: local quality judge rejected article (negative/local topic outweighs project signal, score -9)"
"task42-ref-0181","https://timesofindia.indiatimes.com/rssfeeds/-2128839596.cms","Why do we keep filming instead of helping?","https://timesofindia.indiatimes.com/city/delhi/why-do-we-keep-filming-instead-of-helping/articleshow/134654807.cms","2026-10-02T18:30:00.000Z","REVIEW","REJECT","REJECT_NEGATIVE","","OTHER","NO","Adverse, enforcement, dispute or negative safety signal is present.","HIGH","filter 4: not positive target real-estate/project news; filter 3: negative/crime/utility concern news; filter 5: no allowed city match; filter 8: outside-city conflict; filter 17: local quality judge rejected article (negative/local topic outweighs project signal, score -3)","filter 4: not positive target real-estate/project news; filter 3: negative/crime/utility concern news; filter 5: no allowed city match; filter 8: outside-city conflict; filter 17: local quality judge rejected article (negative/local topic outweighs project signal, score -3)"
"task42-ref-0182","https://timesofindia.indiatimes.com/rssfeeds/1898055.cms","Could a mega US-Russia oil deal tied to Trump & his allies end Ukraine war?","https://timesofindia.indiatimes.com/business/international-business/us-russia-talks-on-ukraine-now-involve-multi-billion-dollar-oil-deal-tied-to-trump-his-allies/articleshow/134656292.cms","2026-10-02T18:30:00.000Z","REVIEW","REJECT","REJECT_OFFTOPIC","","OTHER","NO","Evidence does not establish Brokket-suitable positive real-estate coverage.","HIGH","filter 4: not positive target real-estate/project news; filter 5: no allowed city match; filter 17: local quality judge rejected article (no core real-estate/infrastructure topic, score 0)","filter 4: not positive target real-estate/project news; filter 5: no allowed city match; filter 17: local quality judge rejected article (no core real-estate/infrastructure topic, score 0)"
"task42-ref-0183","https://timesofindia.indiatimes.com/rssfeeds/1898055.cms","Over 3,500 responses on CAS: Sebi to quickly move ahead with proposals","https://timesofindia.indiatimes.com/business/india-business/over-3500-responses-on-cas-sebi-to-quickly-move-ahead-with-proposals/articleshow/134656121.cms","2026-10-02T18:30:00.000Z","REVIEW","REJECT","REJECT_OFFTOPIC","","OTHER","NO","Evidence does not establish Brokket-suitable positive real-estate coverage.","HIGH","filter 4: not positive target real-estate/project news; filter 5: no allowed city match; filter 17: local quality judge rejected article (weak city evidence, score 4)","filter 4: not positive target real-estate/project news; filter 5: no allowed city match; filter 17: local quality judge rejected article (weak city evidence, score 4)"
"task42-ref-0184","https://timesofindia.indiatimes.com/rssfeeds/1898055.cms","Rate hike may hurt select NBFC segments, but broad asset stress unlikely: Report","https://timesofindia.indiatimes.com/business/india-business/rate-hike-may-hurt-select-nbfc-segments-but-broad-asset-stress-unlikely-report/articleshow/134656727.cms","2026-10-02T18:30:00.000Z","REVIEW","REJECT","REJECT_OFFTOPIC","","INFRASTRUCTURE","NO","Evidence does not establish Brokket-suitable positive real-estate coverage.","HIGH","filter 4: not positive target real-estate/project news; filter 1: spam/menu page; filter 5: no allowed city match; filter 17: local quality judge rejected article (no core real-estate/infrastructure topic, score 0)","filter 4: not positive target real-estate/project news; filter 1: spam/menu page; filter 5: no allowed city match; filter 17: local quality judge rejected article (no core real-estate/infrastructure topic, score 0)"
"task42-ref-0185","https://timesofindia.indiatimes.com/rssfeeds/3942660.cms","Calls made for ‘Gaon Chalo Andolan’ as truce frays","https://timesofindia.indiatimes.com/city/surat/calls-made-for-gaon-chalo-andolan-as-truce-frays/articleshow/134645979.cms","2026-10-02T18:30:00.000Z","REVIEW","REJECT","REJECT_OFFTOPIC","","RERA/REGULATORY","NO","Evidence does not establish Brokket-suitable positive real-estate coverage.","HIGH","filter 4: not positive target real-estate/project news; review: INSUFFICIENT_ARTICLE_EVIDENCE; filter 5: no allowed city match; filter 17: local quality judge rejected article (no core real-estate/infrastructure topic, score 0)","filter 4: not positive target real-estate/project news; review: INSUFFICIENT_ARTICLE_EVIDENCE; filter 5: no allowed city match; filter 17: local quality judge rejected article (no core real-estate/infrastructure topic, score 0)"
"task42-ref-0186","https://timesofindia.indiatimes.com/rssfeeds/3942660.cms","Land Rover kidnapping ends in arrests","https://timesofindia.indiatimes.com/city/surat/land-rover-kidnapping-ends-in-arrests/articleshow/134645977.cms","2026-10-02T18:30:00.000Z","REVIEW","REJECT","REJECT_NEGATIVE","","OTHER","NO","Adverse, enforcement, dispute or negative safety signal is present.","HIGH","filter 4: not positive target real-estate/project news; filter 3: negative/crime/utility concern news; filter 5: no allowed city match; filter 17: local quality judge rejected article (negative/local topic outweighs project signal, score -3)","filter 4: not positive target real-estate/project news; filter 3: negative/crime/utility concern news; filter 5: no allowed city match; filter 17: local quality judge rejected article (negative/local topic outweighs project signal, score -3)"
"task42-ref-0187","https://timesofindia.indiatimes.com/rssfeeds/3942660.cms","SGCCI takes textile sector’s concerns to Delhi","https://timesofindia.indiatimes.com/city/surat/sgcci-takes-textile-sectors-concerns-to-delhi/articleshow/134646016.cms","2026-10-02T18:30:00.000Z","REVIEW","REJECT","REJECT_OFFTOPIC","","OTHER","NO","Evidence does not establish Brokket-suitable positive real-estate coverage.","HIGH","filter 4: not positive target real-estate/project news; review: INSUFFICIENT_ARTICLE_EVIDENCE; filter 5: no allowed city match; filter 7: outside region in title/description; filter 8: outside-city conflict; filter 17: local quality judge rejected article (no core real-estate/infrastructure topic, score 0)","filter 4: not positive target real-estate/project news; review: INSUFFICIENT_ARTICLE_EVIDENCE; filter 5: no allowed city match; filter 7: outside region in title/description; filter 8: outside-city conflict; filter 17: local quality judge rejected article (no core real-estate/infrastructure topic, score 0)"
"task42-ref-0188","https://timesofindia.indiatimes.com/rssfeeds/3942663.cms","3 cops injured as drug traffickers, cops clash in Aravali","https://timesofindia.indiatimes.com/city/rajkot/3-cops-injured-as-drug-traffickers-cops-clash-in-aravali/articleshow/134645769.cms","2026-10-02T18:30:00.000Z","REVIEW","REJECT","REJECT_NEGATIVE","","OTHER","NO","Adverse, enforcement, dispute or negative safety signal is present.","HIGH","filter 4: not positive target real-estate/project news; filter 1: spam/menu page; filter 3: negative/crime/utility concern news; filter 5: no allowed city match; filter 7: outside region in title/description; filter 8: outside-city conflict; filter 17: local quality judge rejected article (negative/local topic outweighs project signal, score -3)","filter 4: not positive target real-estate/project news; filter 1: spam/menu page; filter 3: negative/crime/utility concern news; filter 5: no allowed city match; filter 7: outside region in title/description; filter 8: outside-city conflict; filter 17: local quality judge rejected article (negative/local topic outweighs project signal, score -3)"
"task42-ref-0189","https://timesofindia.indiatimes.com/rssfeeds/3942663.cms","Kerala delegation visits Banas Dairy","https://timesofindia.indiatimes.com/city/rajkot/kerala-delegation-visits-banas-dairy/articleshow/134645698.cms","2026-10-02T18:30:00.000Z","REVIEW","REJECT","REJECT_OFFTOPIC","","OTHER","NO","Evidence does not establish Brokket-suitable positive real-estate coverage.","HIGH","filter 4: not positive target real-estate/project news; filter 5: no allowed city match; filter 7: outside region in title/description; filter 8: outside-city conflict; filter 17: local quality judge rejected article (no core real-estate/infrastructure topic, score 0)","filter 4: not positive target real-estate/project news; filter 5: no allowed city match; filter 7: outside region in title/description; filter 8: outside-city conflict; filter 17: local quality judge rejected article (no core real-estate/infrastructure topic, score 0)"
"task42-ref-0190","https://timesofindia.indiatimes.com/rssfeeds/3942663.cms","Lioness attacks 5 people in 12 hours in Amreli village, caged","https://timesofindia.indiatimes.com/city/rajkot/lioness-attacks-5-people-in-12-hours-in-amreli-village-caged/articleshow/134645867.cms","2026-10-02T18:30:00.000Z","REVIEW","REJECT","REJECT_OFFTOPIC","","OTHER","NO","Evidence does not establish Brokket-suitable positive real-estate coverage.","HIGH","filter 4: not positive target real-estate/project news; filter 5: no allowed city match; filter 17: local quality judge rejected article (no core real-estate/infrastructure topic, score 0)","filter 4: not positive target real-estate/project news; filter 5: no allowed city match; filter 17: local quality judge rejected article (no core real-estate/infrastructure topic, score 0)"
"task42-ref-0191","https://timesofindia.indiatimes.com/rssfeeds/3942690.cms","Golden girl Poovamma seeks parity in recognition from state govt","https://timesofindia.indiatimes.com/city/mangaluru/golden-girl-poovamma-seeks-parity-in-recognition-from-state-govt/articleshow/134643131.cms","2026-10-01T18:30:00.000Z","REVIEW","REJECT","REJECT_OFFTOPIC","","OTHER","NO","Evidence does not establish Brokket-suitable positive real-estate coverage.","HIGH","filter 4: not positive target real-estate/project news; filter 5: no allowed city match; filter 17: local quality judge rejected article (no core real-estate/infrastructure topic, score 0)","filter 4: not positive target real-estate/project news; filter 5: no allowed city match; filter 17: local quality judge rejected article (no core real-estate/infrastructure topic, score 0)"
"task42-ref-0192","https://timesofindia.indiatimes.com/rssfeeds/3942690.cms","More than 150 anglers to fight for top prize at int’l angling meet in NMPA","https://timesofindia.indiatimes.com/city/mangaluru/more-than-150-anglers-to-fight-for-top-prize-at-intl-angling-meet-in-nmpa/articleshow/134644459.cms","2026-10-01T18:30:00.000Z","REVIEW","REJECT","REJECT_OFFTOPIC","","TRANSACTION","NO","Evidence does not establish Brokket-suitable positive real-estate coverage.","HIGH","filter 4: not positive target real-estate/project news; review: INSUFFICIENT_ARTICLE_EVIDENCE; filter 5: no allowed city match; filter 17: local quality judge rejected article (weak city evidence, score 4)","filter 4: not positive target real-estate/project news; review: INSUFFICIENT_ARTICLE_EVIDENCE; filter 5: no allowed city match; filter 17: local quality judge rejected article (weak city evidence, score 4)"
"task42-ref-0193","https://timesofindia.indiatimes.com/rssfeeds/3942690.cms","Sanitation workers feted under Arpana programme","https://timesofindia.indiatimes.com/city/mangaluru/sanitation-workers-feted-under-arpana-programme/articleshow/134641825.cms","2026-10-01T18:30:00.000Z","REVIEW","REJECT","REJECT_OFFTOPIC","","OTHER","NO","Evidence does not establish Brokket-suitable positive real-estate coverage.","HIGH","filter 4: not positive target real-estate/project news; filter 1: spam/menu page; filter 5: no allowed city match; filter 17: local quality judge rejected article (no core real-estate/infrastructure topic, score 0)","filter 4: not positive target real-estate/project news; filter 1: spam/menu page; filter 5: no allowed city match; filter 17: local quality judge rejected article (no core real-estate/infrastructure topic, score 0)"
"task42-ref-0194","https://timesofindia.indiatimes.com/rssfeeds/3947060.cms","Armed robbers loot jeweller of cash, gold and silver","https://timesofindia.indiatimes.com/city/allahabad/armed-robbers-loot-jeweller-of-cash-gold-and-silver/articleshow/134644311.cms","2026-10-01T18:30:00.000Z","REVIEW","REJECT","REJECT_OFFTOPIC","","OTHER","NO","Evidence does not establish Brokket-suitable positive real-estate coverage.","HIGH","filter 4: not positive target real-estate/project news; filter 5: no allowed city match; filter 17: local quality judge rejected article (no core real-estate/infrastructure topic, score 0)","filter 4: not positive target real-estate/project news; filter 5: no allowed city match; filter 17: local quality judge rejected article (no core real-estate/infrastructure topic, score 0)"
"task42-ref-0195","https://timesofindia.indiatimes.com/rssfeeds/3947060.cms","BJP elevates 3 Prayagraj women leaders to key posts","https://timesofindia.indiatimes.com/city/allahabad/bjp-elevates-3-prayagraj-women-leaders-to-key-posts/articleshow/134644303.cms","2026-10-01T18:30:00.000Z","REVIEW","REJECT","REJECT_OFFTOPIC","","OTHER","NO","Evidence does not establish Brokket-suitable positive real-estate coverage.","HIGH","filter 4: not positive target real-estate/project news; filter 1: spam/menu page; filter 5: no allowed city match; filter 17: local quality judge rejected article (no core real-estate/infrastructure topic, score 0)","filter 4: not positive target real-estate/project news; filter 1: spam/menu page; filter 5: no allowed city match; filter 17: local quality judge rejected article (no core real-estate/infrastructure topic, score 0)"
"task42-ref-0196","https://timesofindia.indiatimes.com/rssfeeds/3947060.cms","UP Board registers 52.5 Lakh students for 2026-27 exams","https://timesofindia.indiatimes.com/city/allahabad/up-board-registers-52-5-lakh-students-for-2026-27-exams/articleshow/134644309.cms","2026-10-01T18:30:00.000Z","REVIEW","REJECT","REJECT_OFFTOPIC","","OTHER","NO","Evidence does not establish Brokket-suitable positive real-estate coverage.","HIGH","filter 4: not positive target real-estate/project news; filter 1: spam/menu page; filter 5: no allowed city match; filter 17: local quality judge rejected article (no core real-estate/infrastructure topic, score 0)","filter 4: not positive target real-estate/project news; filter 1: spam/menu page; filter 5: no allowed city match; filter 17: local quality judge rejected article (no core real-estate/infrastructure topic, score 0)"
"task42-ref-0197","https://timesofindia.indiatimes.com/rssfeeds/3947067.cms","Kanpur DM directs timely repair of damaged roads before Diwali","https://timesofindia.indiatimes.com/city/kanpur/kanpur-dm-directs-timely-repair-of-damaged-roads-before-diwali/articleshow/134644408.cms","2026-10-01T18:30:00.000Z","REVIEW","REJECT","REJECT_NEGATIVE","","INFRASTRUCTURE","NO","Adverse, enforcement, dispute or negative safety signal is present.","HIGH","filter 4: not positive target real-estate/project news; filter 3: negative/crime/utility concern news; filter 5: no allowed city match; filter 17: local quality judge rejected article (no core real-estate/infrastructure topic, score 0)","filter 4: not positive target real-estate/project news; filter 3: negative/crime/utility concern news; filter 5: no allowed city match; filter 17: local quality judge rejected article (no core real-estate/infrastructure topic, score 0)"
"task42-ref-0198","https://timesofindia.indiatimes.com/rssfeeds/3947067.cms","Missing woman found dead near rly track","https://timesofindia.indiatimes.com/city/kanpur/missing-woman-found-dead-near-rly-track/articleshow/134644412.cms","2026-10-01T18:30:00.000Z","REVIEW","REJECT","REJECT_NEGATIVE","","OTHER","NO","Adverse, enforcement, dispute or negative safety signal is present.","HIGH","filter 4: not positive target real-estate/project news; filter 1: spam/menu page; filter 3: negative/crime/utility concern news; filter 5: no allowed city match; filter 17: local quality judge rejected article (negative/local topic outweighs project signal, score -3)","filter 4: not positive target real-estate/project news; filter 1: spam/menu page; filter 3: negative/crime/utility concern news; filter 5: no allowed city match; filter 17: local quality judge rejected article (negative/local topic outweighs project signal, score -3)"
"task42-ref-0199","https://timesofindia.indiatimes.com/rssfeeds/3947067.cms","Tributes paid to Gandhi, Shastri on birth anniversary","https://timesofindia.indiatimes.com/city/kanpur/tributes-paid-to-gandhi-shastri-on-birth-anniversary/articleshow/134644404.cms","2026-10-01T18:30:00.000Z","REVIEW","REJECT","REJECT_OFFTOPIC","","OTHER","NO","Evidence does not establish Brokket-suitable positive real-estate coverage.","HIGH","filter 4: not positive target real-estate/project news; filter 5: no allowed city match; filter 17: local quality judge rejected article (no core real-estate/infrastructure topic, score 0)","filter 4: not positive target real-estate/project news; filter 5: no allowed city match; filter 17: local quality judge rejected article (no core real-estate/infrastructure topic, score 0)"
"task42-ref-0200","https://timesofindia.indiatimes.com/rssfeeds/4118215.cms","'Dragged to basement, assaulted': 7 arrested after woman partially stripped at Guwahati nightclub","https://timesofindia.indiatimes.com/city/guwahati/dragged-to-basement-assaulted-7-arrested-after-woman-partially-stripped-at-guwahati-nightclub/articleshow/134657862.cms","2026-10-02T18:30:00.000Z","REVIEW","REJECT","REJECT_NEGATIVE","","OTHER","NO","Adverse, enforcement, dispute or negative safety signal is present.","HIGH","filter 4: not positive target real-estate/project news; filter 3: negative/crime/utility concern news; filter 5: no allowed city match; filter 17: local quality judge rejected article (no core real-estate/infrastructure topic, score 0)","filter 4: not positive target real-estate/project news; filter 3: negative/crime/utility concern news; filter 5: no allowed city match; filter 17: local quality judge rejected article (no core real-estate/infrastructure topic, score 0)"
"task42-ref-0201","https://timesofindia.indiatimes.com/rssfeeds/4118215.cms","Tezpur University to house Centre of Excellence for Classical Assamese studies","https://timesofindia.indiatimes.com/city/guwahati/tezpur-university-to-house-centre-of-excellence-for-classical-assamese-studies/articleshow/134658687.cms","2026-10-02T18:30:00.000Z","REVIEW","REJECT","REJECT_OFFTOPIC","","OTHER","NO","Evidence does not establish Brokket-suitable positive real-estate coverage.","HIGH","filter 4: not positive target real-estate/project news; filter 1: spam/menu page; filter 5: no allowed city match; filter 17: local quality judge rejected article (no core real-estate/infrastructure topic, score 0)","filter 4: not positive target real-estate/project news; filter 1: spam/menu page; filter 5: no allowed city match; filter 17: local quality judge rejected article (no core real-estate/infrastructure topic, score 0)"
"task42-ref-0202","https://timesofindia.indiatimes.com/rssfeeds/4118215.cms","They came for Ro-Ko, but Gill stole the Guwahati night","https://timesofindia.indiatimes.com/city/guwahati/they-came-for-ro-ko-but-gill-stole-the-guwahati-night/articleshow/134659017.cms","2026-10-02T18:30:00.000Z","REVIEW","REJECT","REJECT_OFFTOPIC","","OTHER","NO","Evidence does not establish Brokket-suitable positive real-estate coverage.","HIGH","filter 4: not positive target real-estate/project news; filter 5: no allowed city match; filter 17: local quality judge rejected article (no core real-estate/infrastructure topic, score 0)","filter 4: not positive target real-estate/project news; filter 5: no allowed city match; filter 17: local quality judge rejected article (no core real-estate/infrastructure topic, score 0)"
"task42-ref-0203","https://timesofindia.indiatimes.com/rssfeeds/878156304.cms","Draft of new private varsities bill ready, curbs to be eased","https://timesofindia.indiatimes.com/city/thiruvananthapuram/draft-of-new-private-varsities-bill-ready-curbs-to-be-eased/articleshow/134645524.cms","2026-10-02T18:30:00.000Z","REVIEW","REJECT","REJECT_OFFTOPIC","","OTHER","NO","Evidence does not establish Brokket-suitable positive real-estate coverage.","HIGH","filter 4: not positive target real-estate/project news; filter 5: no allowed city match; filter 17: local quality judge rejected article (no core real-estate/infrastructure topic, score 0)","filter 4: not positive target real-estate/project news; filter 5: no allowed city match; filter 17: local quality judge rejected article (no core real-estate/infrastructure topic, score 0)"
"task42-ref-0204","https://timesofindia.indiatimes.com/rssfeeds/878156304.cms","Man gets 7 years’ RI for molesting minor girl","https://timesofindia.indiatimes.com/city/thiruvananthapuram/man-gets-7-years-ri-for-molesting-minor-girl/articleshow/134643370.cms","2026-10-01T18:30:00.000Z","REVIEW","REJECT","REJECT_NEGATIVE","","LEGAL/INSOLVENCY","NO","Adverse, enforcement, dispute or negative safety signal is present.","HIGH","filter 4: not positive target real-estate/project news; filter 3: negative/crime/utility concern news; filter 5: no allowed city match; filter 17: local quality judge rejected article (no core real-estate/infrastructure topic, score 0)","filter 4: not positive target real-estate/project news; filter 3: negative/crime/utility concern news; filter 5: no allowed city match; filter 17: local quality judge rejected article (no core real-estate/infrastructure topic, score 0)"
"task42-ref-0205","https://timesofindia.indiatimes.com/rssfeeds/878156304.cms","Retired DGP R Sreelekha resigns as Thiruvananthapuram councillor; BJP loses majority in corporation","https://timesofindia.indiatimes.com/city/thiruvananthapuram/retired-dgp-r-sreelekha-resigns-as-thiruvananthapuram-councillor-bjp-loses-majority-in-corporation/articleshow/134655688.cms","2026-10-02T18:30:00.000Z","REVIEW","REJECT","REJECT_OFFTOPIC","","OTHER","NO","Evidence does not establish Brokket-suitable positive real-estate coverage.","HIGH","filter 4: not positive target real-estate/project news; filter 5: no allowed city match; filter 17: local quality judge rejected article (no core real-estate/infrastructure topic, score 0)","filter 4: not positive target real-estate/project news; filter 5: no allowed city match; filter 17: local quality judge rejected article (no core real-estate/infrastructure topic, score 0)"
"task42-ref-0206","https://uhuda.uk.gov.in","Bageshwar Masterplan","https://uhuda.uk.gov.in/bageshwar/","","REVIEW","REJECT","REJECT_OFFTOPIC","","OTHER","NO","Evidence does not establish Brokket-suitable positive real-estate coverage.","HIGH","filter 4: not positive target real-estate/project news; review: INSUFFICIENT_ARTICLE_EVIDENCE; filter 5: no allowed city match; filter 17: local quality judge rejected article (no core real-estate/infrastructure topic, score 0)","filter 4: not positive target real-estate/project news; review: INSUFFICIENT_ARTICLE_EVIDENCE; filter 5: no allowed city match; filter 17: local quality judge rejected article (no core real-estate/infrastructure topic, score 0)"
"task42-ref-0207","https://uhuda.uk.gov.in","Chamoli Masterplan","https://uhuda.uk.gov.in/chamoli-masterplan/","","REVIEW","REJECT","REJECT_OFFTOPIC","","OTHER","NO","Evidence does not establish Brokket-suitable positive real-estate coverage.","HIGH","filter 4: not positive target real-estate/project news; review: INSUFFICIENT_ARTICLE_EVIDENCE; filter 5: no allowed city match; filter 17: local quality judge rejected article (no core real-estate/infrastructure topic, score 0)","filter 4: not positive target real-estate/project news; review: INSUFFICIENT_ARTICLE_EVIDENCE; filter 5: no allowed city match; filter 17: local quality judge rejected article (no core real-estate/infrastructure topic, score 0)"
"task42-ref-0208","https://uhuda.uk.gov.in","उत्तराखंड आवास एवं नगर विकास प्राधिकरण Uttarakhand Housing and Urban Development Authority","https://uhuda.uk.gov.in/","","REVIEW","REJECT","REVIEW","new_delhi","RERA/REGULATORY","YES","Full article names multiple markets without a city-scoped title or URL.","HIGH","filter 6: target region missing or weak; review: ambiguous multi-city geo evidence","filter 6: target region missing or weak; review: ambiguous multi-city geo evidence"
"task42-ref-0209","https://www.arvindsmartspaces.com/investors/compliances","Corporate Governance","https://www.arvindsmartspaces.com/investors/corporate-governance/","","REVIEW","REJECT","REJECT_OFFTOPIC","","OTHER","NO","Evidence does not establish Brokket-suitable positive real-estate coverage.","HIGH","filter 4: not positive target real-estate/project news; filter 5: no allowed city match; review: ambiguous multi-city geo evidence; filter 17: local quality judge rejected article (no core real-estate/infrastructure topic, score 28)","filter 4: not positive target real-estate/project news; filter 5: no allowed city match; review: ambiguous multi-city geo evidence; filter 17: local quality judge rejected article (no core real-estate/infrastructure topic, score 28)"
"task42-ref-0210","https://www.arvindsmartspaces.com/investors/compliances","Disclosures under Regulation 46 of SEBI (LODR) Regulations, 2015","https://www.arvindsmartspaces.com/investors/disclosure-regulation-46/","","REVIEW","REJECT","REJECT_OFFTOPIC","","OTHER","NO","Evidence does not establish Brokket-suitable positive real-estate coverage.","HIGH","filter 4: not positive target real-estate/project news; filter 5: no allowed city match; review: ambiguous multi-city geo evidence; filter 17: local quality judge rejected article (no core real-estate/infrastructure topic, score 28)","filter 4: not positive target real-estate/project news; filter 5: no allowed city match; review: ambiguous multi-city geo evidence; filter 17: local quality judge rejected article (no core real-estate/infrastructure topic, score 28)"
"task42-ref-0211","https://www.arvindsmartspaces.com/investors/compliances","View All Locations","https://www.arvindsmartspaces.com/projects","","REVIEW","REJECT","REVIEW","ahmedabad","OTHER","YES","Full article names multiple markets without a city-scoped title or URL.","HIGH","filter 7: outside region in title/description; filter 8: outside-city conflict; review: ambiguous multi-city geo evidence","filter 7: outside region in title/description; filter 8: outside-city conflict; review: ambiguous multi-city geo evidence"
"task42-ref-0212","https://www.arvindsmartspaces.com/investors/financial-reports","Corporate Governance","https://www.arvindsmartspaces.com/investors/corporate-governance/","","REVIEW","REJECT","REJECT_OFFTOPIC","","OTHER","NO","Evidence does not establish Brokket-suitable positive real-estate coverage.","HIGH","filter 4: not positive target real-estate/project news; filter 5: no allowed city match; review: ambiguous multi-city geo evidence; filter 17: local quality judge rejected article (no core real-estate/infrastructure topic, score 28)","filter 4: not positive target real-estate/project news; filter 5: no allowed city match; review: ambiguous multi-city geo evidence; filter 17: local quality judge rejected article (no core real-estate/infrastructure topic, score 28)"
"task42-ref-0213","https://www.arvindsmartspaces.com/investors/financial-reports","Disclosures under Regulation 46 of SEBI (LODR) Regulations, 2015","https://www.arvindsmartspaces.com/investors/disclosure-regulation-46/","","REVIEW","REJECT","REJECT_OFFTOPIC","","OTHER","NO","Evidence does not establish Brokket-suitable positive real-estate coverage.","HIGH","filter 4: not positive target real-estate/project news; filter 5: no allowed city match; review: ambiguous multi-city geo evidence; filter 17: local quality judge rejected article (no core real-estate/infrastructure topic, score 28)","filter 4: not positive target real-estate/project news; filter 5: no allowed city match; review: ambiguous multi-city geo evidence; filter 17: local quality judge rejected article (no core real-estate/infrastructure topic, score 28)"
"task42-ref-0214","https://www.arvindsmartspaces.com/investors/financial-reports","View All Locations","https://www.arvindsmartspaces.com/projects","","REVIEW","REJECT","REVIEW","ahmedabad","OTHER","YES","Full article names multiple markets without a city-scoped title or URL.","HIGH","filter 7: outside region in title/description; filter 8: outside-city conflict; review: ambiguous multi-city geo evidence","filter 7: outside region in title/description; filter 8: outside-city conflict; review: ambiguous multi-city geo evidence"
"task42-ref-0215","https://www.giftgujarat.in","Developer Services","https://www.giftgujarat.in/developers-services","","REVIEW","REJECT","REJECT_INSUFFICIENT","","LAUNCH/PROJECT","NO","Required full-article, date, content or geo evidence is incomplete.","HIGH","POSITIVE_INFRASTRUCTURE_WITHOUT_SUFFICIENT_REAL_ESTATE_NEXUS; review: INSUFFICIENT_ARTICLE_EVIDENCE; filter 5: no allowed city match; filter 17: local quality judge rejected article (weak city evidence, score 16)","POSITIVE_INFRASTRUCTURE_WITHOUT_SUFFICIENT_REAL_ESTATE_NEXUS; review: INSUFFICIENT_ARTICLE_EVIDENCE; filter 5: no allowed city match; filter 17: local quality judge rejected article (weak city evidence, score 16)"
"task42-ref-0216","https://www.giftgujarat.in","Setting up in GIFT City","https://www.giftgujarat.in/business/ifsc?tab=setting-up-at-GIFT-city","","REVIEW","REJECT","REJECT_OFFTOPIC","","OTHER","NO","Evidence does not establish Brokket-suitable positive real-estate coverage.","HIGH","filter 4: not positive target real-estate/project news; filter 1: spam/menu page; filter 5: no allowed city match; filter 17: local quality judge rejected article (no core real-estate/infrastructure topic, score 0)","filter 4: not positive target real-estate/project news; filter 1: spam/menu page; filter 5: no allowed city match; filter 17: local quality judge rejected article (no core real-estate/infrastructure topic, score 0)"
"task42-ref-0217","https://www.hindustantimes.com/feeds/rss/cities/others/rssfeed.xml","350 rural Prayagraj women to learn raise seedlings in courtyard nurseries","https://www.hindustantimes.com/cities/others/350-rural-prayagraj-women-to-learn-raise-seedlings-in-courtyard-nurseries-101790967520072.html","2026-10-03T02:15:20.000Z","REVIEW","REJECT","REJECT_OFFTOPIC","","LEGAL/INSOLVENCY","NO","Evidence does not establish Brokket-suitable positive real-estate coverage.","HIGH","filter 4: not positive target real-estate/project news; filter 5: no allowed city match; filter 17: local quality judge rejected article (no core real-estate/infrastructure topic, score 2)","filter 4: not positive target real-estate/project news; filter 5: no allowed city match; filter 17: local quality judge rejected article (no core real-estate/infrastructure topic, score 2)"
"task42-ref-0218","https://www.hindustantimes.com/feeds/rss/cities/others/rssfeed.xml","Ex-CBI director M Nageswara Rao takes charge as Sarvajan Sanatan Party national president","https://www.hindustantimes.com/cities/others/excbi-director-m-nageswara-rao-takes-charge-as-sarvajan-sanatan-party-national-president-101791030411213.html","2026-10-03T12:26:50.000Z","REVIEW","REJECT","REJECT_NEGATIVE","","OTHER","NO","Adverse, enforcement, dispute or negative safety signal is present.","HIGH","filter 4: not positive target real-estate/project news; filter 1: spam/menu page; filter 5: no allowed city match; review: ambiguous multi-city geo evidence; filter 17: local quality judge rejected article (negative/local topic outweighs project signal, score -4)","filter 4: not positive target real-estate/project news; filter 1: spam/menu page; filter 5: no allowed city match; review: ambiguous multi-city geo evidence; filter 17: local quality judge rejected article (negative/local topic outweighs project signal, score -4)"
"task42-ref-0219","https://www.hindustantimes.com/feeds/rss/cities/others/rssfeed.xml","Khargapur set to become Prayagraj’s model solar village","https://www.hindustantimes.com/cities/others/khargapur-set-to-become-prayagraj-s-model-solar-village-101790970520087.html","2026-10-03T02:29:30.000Z","REVIEW","REJECT","REJECT_OFFTOPIC","","LAUNCH/PROJECT","NO","Evidence does not establish Brokket-suitable positive real-estate coverage.","HIGH","filter 4: not positive target real-estate/project news; filter 1: spam/menu page; filter 5: no allowed city match; filter 17: local quality judge rejected article (weak city evidence, score 30)","filter 4: not positive target real-estate/project news; filter 1: spam/menu page; filter 5: no allowed city match; filter 17: local quality judge rejected article (weak city evidence, score 30)"
"task42-ref-0220","https://www.hiranandani.com/media-press-release.aspx","Channel Partner Connect","https://www.hiranandani.com/channel-partners.html","","REVIEW","REJECT","REJECT_OFFTOPIC","","TRANSACTION","NO","Evidence does not establish Brokket-suitable positive real-estate coverage.","HIGH","filter 4: not positive target real-estate/project news; filter 5: no allowed city match; review: ambiguous multi-city geo evidence; filter 17: local quality judge rejected article (no core real-estate/infrastructure topic, score 0)","filter 4: not positive target real-estate/project news; filter 5: no allowed city match; review: ambiguous multi-city geo evidence; filter 17: local quality judge rejected article (no core real-estate/infrastructure topic, score 0)"
"task42-ref-0221","https://www.hiranandani.com/media-press-release.aspx","Hiranandani Rentals","https://www.hiranandani.com/hiranandani-rentals.aspx","","REVIEW","REJECT","REJECT_OFFTOPIC","","TRANSACTION","NO","Evidence does not establish Brokket-suitable positive real-estate coverage.","HIGH","filter 4: not positive target real-estate/project news; review: INSUFFICIENT_ARTICLE_EVIDENCE; filter 5: no allowed city match; filter 17: local quality judge rejected article (weak city evidence, score 4)","filter 4: not positive target real-estate/project news; review: INSUFFICIENT_ARTICLE_EVIDENCE; filter 5: no allowed city match; filter 17: local quality judge rejected article (weak city evidence, score 4)"
"task42-ref-0222","https://www.mahametro.org","Tender & Circulars","https://www.mahametro.org/#","","REVIEW","REJECT","REJECT_OFFTOPIC","","LAUNCH/PROJECT","NO","Evidence does not establish Brokket-suitable positive real-estate coverage.","HIGH","filter 4: not positive target real-estate/project news; filter 5: no allowed city match; review: ambiguous multi-city geo evidence; filter 17: local quality judge rejected article (weak city evidence, score 30)","filter 4: not positive target real-estate/project news; filter 5: no allowed city match; review: ambiguous multi-city geo evidence; filter 17: local quality judge rejected article (weak city evidence, score 30)"
"task42-ref-0223","https://www.nseindia.com/companies-listing/corporate-filings-application?param=ROUTE","Market Capitalization","https://www.nseindia.com/companies-listing/corporate-filings-application?param=ROUTE#","","REVIEW","REJECT","REJECT_OFFTOPIC","","TRANSACTION","NO","Evidence does not establish Brokket-suitable positive real-estate coverage.","HIGH","filter 4: not positive target real-estate/project news; filter 5: no allowed city match; filter 17: local quality judge rejected article (weak city evidence, score 4)","filter 4: not positive target real-estate/project news; filter 5: no allowed city match; filter 17: local quality judge rejected article (weak city evidence, score 4)"
"task42-ref-0224","https://www.nseindia.com/companies-listing/corporate-filings-application?param=ROUTE","NAL Academy Limited","https://www.nseindia.com/nse-academy/nse-academy-overview","","REVIEW","REJECT","REJECT_OFFTOPIC","","INVESTMENT/BUSINESS","NO","Evidence does not establish Brokket-suitable positive real-estate coverage.","HIGH","filter 4: not positive target real-estate/project news; filter 5: no allowed city match; filter 17: local quality judge rejected article (weak city evidence, score 6)","filter 4: not positive target real-estate/project news; filter 5: no allowed city match; filter 17: local quality judge rejected article (weak city evidence, score 6)"
"task42-ref-0225","https://www.nseindia.com/companies-listing/corporate-filings-application?param=ROUTE","Structure & Key Personnel","https://www.nseindia.com/structure-key-personnel/corporate-structure","","REVIEW","REJECT","REJECT_OFFTOPIC","","TRANSACTION","NO","Evidence does not establish Brokket-suitable positive real-estate coverage.","HIGH","filter 4: not positive target real-estate/project news; filter 5: no allowed city match; filter 17: local quality judge rejected article (no core real-estate/infrastructure topic, score 4)","filter 4: not positive target real-estate/project news; filter 5: no allowed city match; filter 17: local quality judge rejected article (no core real-estate/infrastructure topic, score 4)"
"task42-ref-0226","https://www.nseindia.com/companies-listing/corporate-filings-announcements","Market Capitalization","https://www.nseindia.com/companies-listing/corporate-filings-announcements#","","REVIEW","REJECT","REJECT_OFFTOPIC","","OTHER","NO","Evidence does not establish Brokket-suitable positive real-estate coverage.","HIGH","filter 4: not positive target real-estate/project news; filter 5: no allowed city match; filter 17: local quality judge rejected article (no core real-estate/infrastructure topic, score 0)","filter 4: not positive target real-estate/project news; filter 5: no allowed city match; filter 17: local quality judge rejected article (no core real-estate/infrastructure topic, score 0)"
"task42-ref-0227","https://www.nseindia.com/companies-listing/corporate-filings-announcements","NAL Academy Limited","https://www.nseindia.com/nse-academy/nse-academy-overview","","REVIEW","REJECT","REJECT_OFFTOPIC","","INVESTMENT/BUSINESS","NO","Evidence does not establish Brokket-suitable positive real-estate coverage.","HIGH","filter 4: not positive target real-estate/project news; filter 5: no allowed city match; filter 17: local quality judge rejected article (weak city evidence, score 6)","filter 4: not positive target real-estate/project news; filter 5: no allowed city match; filter 17: local quality judge rejected article (weak city evidence, score 6)"
"task42-ref-0228","https://www.nseindia.com/companies-listing/corporate-filings-announcements","Structure & Key Personnel","https://www.nseindia.com/structure-key-personnel/corporate-structure","","REVIEW","REJECT","REJECT_OFFTOPIC","","TRANSACTION","NO","Evidence does not establish Brokket-suitable positive real-estate coverage.","HIGH","filter 4: not positive target real-estate/project news; filter 5: no allowed city match; filter 17: local quality judge rejected article (no core real-estate/infrastructure topic, score 4)","filter 4: not positive target real-estate/project news; filter 5: no allowed city match; filter 17: local quality judge rejected article (no core real-estate/infrastructure topic, score 4)"
"task42-ref-0229","https://www.pib.gov.in/Allrel.aspx","पत्र सूचना कार्यालय","https://www.pib.gov.in/index.aspx","","REVIEW","REJECT","REJECT_OFFTOPIC","","OTHER","NO","Evidence does not establish Brokket-suitable positive real-estate coverage.","HIGH","filter 4: not positive target real-estate/project news; filter 1: spam/menu page; filter 5: no allowed city match; filter 17: local quality judge rejected article (no core real-estate/infrastructure topic, score 0)","filter 4: not positive target real-estate/project news; filter 1: spam/menu page; filter 5: no allowed city match; filter 17: local quality judge rejected article (no core real-estate/infrastructure topic, score 0)"
"task42-ref-0230","https://www.pib.gov.in/Allrel.aspx","पीआईबी के मुख्य कार्य","https://pib.gov.in/mainfunctionsh.aspx","","REVIEW","REJECT","REJECT_OFFTOPIC","","OTHER","NO","Evidence does not establish Brokket-suitable positive real-estate coverage.","HIGH","filter 4: not positive target real-estate/project news; filter 1: spam/menu page; filter 5: no allowed city match; filter 17: local quality judge rejected article (no core real-estate/infrastructure topic, score 0)","filter 4: not positive target real-estate/project news; filter 1: spam/menu page; filter 5: no allowed city match; filter 17: local quality judge rejected article (no core real-estate/infrastructure topic, score 0)"
"task42-ref-0231","https://www.pib.gov.in/Allrel.aspx","स्क्रीन रीडर का उपयोग","https://www.pib.gov.in/screenReaderAcces.aspx","","REVIEW","REJECT","REJECT_OFFTOPIC","","OTHER","NO","Evidence does not establish Brokket-suitable positive real-estate coverage.","HIGH","filter 4: not positive target real-estate/project news; filter 1: spam/menu page; filter 5: no allowed city match; filter 17: local quality judge rejected article (no core real-estate/infrastructure topic, score 0)","filter 4: not positive target real-estate/project news; filter 1: spam/menu page; filter 5: no allowed city match; filter 17: local quality judge rejected article (no core real-estate/infrastructure topic, score 0)"
"task42-ref-0232","https://www.pib.gov.in/ViewRss.aspx?lang=1&reg=1","AccessibilityStatement","https://www.pib.gov.in/AccessibilityStatement.aspx","","REVIEW","REJECT","REJECT_OFFTOPIC","","OTHER","NO","Evidence does not establish Brokket-suitable positive real-estate coverage.","HIGH","filter 4: not positive target real-estate/project news; filter 1: spam/menu page; filter 5: no allowed city match; filter 17: local quality judge rejected article (no core real-estate/infrastructure topic, score 0)","filter 4: not positive target real-estate/project news; filter 1: spam/menu page; filter 5: no allowed city match; filter 17: local quality judge rejected article (no core real-estate/infrastructure topic, score 0)"
"task42-ref-0233","https://www.pib.gov.in/ViewRss.aspx?lang=1&reg=1","Press Information Bureau","https://www.pib.gov.in/index.aspx","","REVIEW","REJECT","REJECT_OFFTOPIC","","OTHER","NO","Evidence does not establish Brokket-suitable positive real-estate coverage.","HIGH","filter 4: not positive target real-estate/project news; filter 1: spam/menu page; filter 5: no allowed city match; filter 17: local quality judge rejected article (no core real-estate/infrastructure topic, score 0)","filter 4: not positive target real-estate/project news; filter 1: spam/menu page; filter 5: no allowed city match; filter 17: local quality judge rejected article (no core real-estate/infrastructure topic, score 0)"
"task42-ref-0234","https://www.pib.gov.in/ViewRss.aspx?lang=1&reg=1","Screen Reader Access","https://www.pib.gov.in/screenReaderAcces.aspx","","REVIEW","REJECT","REJECT_OFFTOPIC","","OTHER","NO","Evidence does not establish Brokket-suitable positive real-estate coverage.","HIGH","filter 4: not positive target real-estate/project news; filter 1: spam/menu page; filter 5: no allowed city match; filter 17: local quality judge rejected article (no core real-estate/infrastructure topic, score 0)","filter 4: not positive target real-estate/project news; filter 1: spam/menu page; filter 5: no allowed city match; filter 17: local quality judge rejected article (no core real-estate/infrastructure topic, score 0)"
"task42-ref-0235","https://www.providenthousing.com/media","Scheme for Armed Forces","https://www.providenthousing.com/initiatives","","REVIEW","REJECT","REJECT_OFFTOPIC","","TRANSACTION","NO","Evidence does not establish Brokket-suitable positive real-estate coverage.","HIGH","filter 4: not positive target real-estate/project news; filter 5: no allowed city match; filter 17: local quality judge rejected article (weak city evidence, score 12)","filter 4: not positive target real-estate/project news; filter 5: no allowed city match; filter 17: local quality judge rejected article (weak city evidence, score 12)"
"task42-ref-0236","https://www.providenthousing.com/media","Subsidiary Companies","https://www.providenthousing.com/investors/subsidiary-companies/","","REVIEW","REJECT","REJECT_OFFTOPIC","","INVESTMENT/BUSINESS","NO","Evidence does not establish Brokket-suitable positive real-estate coverage.","HIGH","filter 4: not positive target real-estate/project news; filter 5: no allowed city match; filter 17: local quality judge rejected article (weak city evidence, score 12)","filter 4: not positive target real-estate/project news; filter 5: no allowed city match; filter 17: local quality judge rejected article (weak city evidence, score 12)"
"task42-ref-0237","https://www.providenthousing.com/media","Suvarna Times of Karnataka","https://www.providenthousing.com/media#","","REVIEW","REJECT","REJECT_OFFTOPIC","","TRANSACTION","NO","Evidence does not establish Brokket-suitable positive real-estate coverage.","HIGH","filter 4: not positive target real-estate/project news; filter 1: spam/menu page; filter 5: no allowed city match; filter 17: local quality judge rejected article (weak city evidence, score 64)","filter 4: not positive target real-estate/project news; filter 1: spam/menu page; filter 5: no allowed city match; filter 17: local quality judge rejected article (weak city evidence, score 64)"
"task42-ref-0238","https://www.rustomjee.com/newsroom","Completed Projects","https://www.rustomjee.com/projects/residential/?section=completed","","REVIEW","REVIEW","REVIEW","mumbai","TRANSACTION","YES","Full article names multiple markets without a city-scoped title or URL.","HIGH","review: ambiguous multi-city geo evidence","review: ambiguous multi-city geo evidence"
"task42-ref-0239","https://www.rustomjee.com/newsroom","Residential projects","https://www.rustomjee.com/projects/residential/","","REVIEW","REVIEW","REVIEW","mumbai","TRANSACTION","YES","Full article names multiple markets without a city-scoped title or URL.","HIGH","review: ambiguous multi-city geo evidence","review: ambiguous multi-city geo evidence"
"task42-ref-0240","https://www.shapoorjipallonji.com/Media/Press-Releases","Energy Solutions for energy resourcesand green power.","https://www.shapoorjipallonji.com/Media/business/Energy","","REVIEW","REJECT","REJECT_OFFTOPIC","","OTHER","NO","Evidence does not establish Brokket-suitable positive real-estate coverage.","HIGH","filter 4: not positive target real-estate/project news; filter 5: no allowed city match; filter 17: local quality judge rejected article (no core real-estate/infrastructure topic, score 0)","filter 4: not positive target real-estate/project news; filter 5: no allowed city match; filter 17: local quality judge rejected article (no core real-estate/infrastructure topic, score 0)"
"task42-ref-0241","https://www.shapoorjipallonji.com/Media/Press-Releases","Engineering & Construction Iconic civil and structuralengineering landmarks.","https://www.shapoorjipallonji.com/Media/business/EngineeringAndConstruction","","REVIEW","REJECT","REJECT_OFFTOPIC","","OTHER","NO","Evidence does not establish Brokket-suitable positive real-estate coverage.","HIGH","filter 4: not positive target real-estate/project news; filter 5: no allowed city match; filter 17: local quality judge rejected article (weak city evidence, score 8)","filter 4: not positive target real-estate/project news; filter 5: no allowed city match; filter 17: local quality judge rejected article (weak city evidence, score 8)"
"task42-ref-0242","https://www.shapoorjipallonji.com/Media/Press-Releases","Water Water and wastemanagement treatment.","https://www.shapoorjipallonji.com/Media/business/Water","","REVIEW","REJECT","REJECT_OFFTOPIC","","OTHER","NO","Evidence does not establish Brokket-suitable positive real-estate coverage.","HIGH","filter 4: not positive target real-estate/project news; filter 5: no allowed city match; filter 17: local quality judge rejected article (no core real-estate/infrastructure topic, score 0)","filter 4: not positive target real-estate/project news; filter 5: no allowed city match; filter 17: local quality judge rejected article (no core real-estate/infrastructure topic, score 0)"
"task42-ref-0243","https://www.tvsemerald.com/news","Altura, Yelahanka, Bagalur Main Road","https://www.tvsemerald.com/projects/tvs-emerald-altura/","2026-04-21T10:02:21.000Z","REVIEW","REJECT","REJECT_NEGATIVE","","RERA/REGULATORY","YES","Adverse, enforcement, dispute or negative safety signal is present.","HIGH","filter 3: negative/crime/utility concern news; filter 5: no allowed city match; filter 7: outside region in title/description; filter 8: outside-city conflict; filter 17: local quality judge rejected article (weak city evidence, score 53)","filter 3: negative/crime/utility concern news; filter 5: no allowed city match; filter 7: outside region in title/description; filter 8: outside-city conflict; filter 17: local quality judge rejected article (weak city evidence, score 53)"
"task42-ref-0244","https://www.up-rera.in","E-Book on Best Practices","https://www.up-rera.in/pdf/Best_Practices_by_UP-RERA.pdf","","REVIEW","REJECT","REJECT_OFFTOPIC","","OTHER","NO","Evidence does not establish Brokket-suitable positive real-estate coverage.","HIGH","filter 15: direct media/PDF link, not article page; filter 4: not positive target real-estate/project news; filter 5: no allowed city match; filter 17: local quality judge rejected article (weak city evidence, score 12)","filter 15: direct media/PDF link, not article page; filter 4: not positive target real-estate/project news; filter 5: no allowed city match; filter 17: local quality judge rejected article (weak city evidence, score 12)"
"task42-ref-0245","https://www.up-rera.in","UP RERA Rules General Rules-2016","https://www.up-rera.in/pdf/rera.pdf","","REVIEW","REJECT","REJECT_OFFTOPIC","","RERA/REGULATORY","NO","Evidence does not establish Brokket-suitable positive real-estate coverage.","HIGH","filter 15: direct media/PDF link, not article page; filter 4: not positive target real-estate/project news; filter 5: no allowed city match; filter 17: local quality judge rejected article (weak city evidence, score 16)","filter 15: direct media/PDF link, not article page; filter 4: not positive target real-estate/project news; filter 5: no allowed city match; filter 17: local quality judge rejected article (weak city evidence, score 16)"
"task42-ref-0246","https://www.up-rera.in","UP-RERA Annual Report","https://www.up-rera.in/frm_Rera_Anual_Report.aspx","","REVIEW","REJECT","REJECT_OFFTOPIC","","RERA/REGULATORY","NO","Evidence does not establish Brokket-suitable positive real-estate coverage.","HIGH","filter 4: not positive target real-estate/project news; filter 5: no allowed city match; filter 17: local quality judge rejected article (weak city evidence, score 16)","filter 4: not positive target real-estate/project news; filter 5: no allowed city match; filter 17: local quality judge rejected article (weak city evidence, score 16)"
"task42-ref-0247","https://www.up-rera.in/PressRelease","50th Real Estate Agent Training Session Begins in Lucknow","https://www.up-rera.in/PressRelease#release-50th%20real%20estate%20agent%20training%20session%20begins%20in%20lucknow","2026-09-22T18:30:00.000Z","REVIEW","REJECT","REJECT_INSUFFICIENT","lucknow","RERA/REGULATORY","YES","Required full-article, date, content or geo evidence is incomplete.","HIGH","review: OFFICIAL_DOCUMENT_UNREADABLE; filter 7: outside region in title/description; filter 8: outside-city conflict","review: OFFICIAL_DOCUMENT_UNREADABLE; filter 7: outside region in title/description; filter 8: outside-city conflict"
"task42-ref-0248","https://www.up-rera.in/PressRelease","50वां रियल एस्टेट एजेंट प्रशिक्षण सत्र लखनऊ में प्रारंभ","https://www.up-rera.in/PressRelease#release-50%E0%A4%B5%20%E0%A4%B0%20%E0%A4%AF%E0%A4%B2%20%E0%A4%8F%E0%A4%B8%20%E0%A4%9F%20%E0%A4%9F%20%E0%A4%8F%E0%A4%9C%20%E0%A4%9F%20%E0%A4%AA%20%E0%A4%B0%E0%A4%B6%20%E","2026-09-22T18:30:00.000Z","REVIEW","REVIEW","REJECT_INSUFFICIENT","lucknow","RERA/REGULATORY","YES","Required full-article, date, content or geo evidence is incomplete.","HIGH","review: OFFICIAL_DOCUMENT_UNREADABLE","review: OFFICIAL_DOCUMENT_UNREADABLE"
"task42-ref-0249","https://www.up-rera.in/PressRelease","UP RERA Approves 12 Real Estate Projects in Six Districts","https://www.up-rera.in/PressRelease#release-up%20rera%20approves%2012%20real%20estate%20projects%20in%20six%20districts","2026-09-21T18:30:00.000Z","REVIEW","REJECT","REJECT_INSUFFICIENT","","RERA/REGULATORY","YES","Required full-article, date, content or geo evidence is incomplete.","HIGH","review: OFFICIAL_DOCUMENT_UNREADABLE; filter 5: no allowed city match","review: OFFICIAL_DOCUMENT_UNREADABLE; filter 5: no allowed city match"
"task42-ref-0250","https://api.livehindustan.com/feeds/rss/business/real-estate/rssfeed.xml","कौन हैं दिनेश ठक्कर, जो मुंबई के जुहू में खरीद लिए ₹711 करोड़ का घर! किराए के मकान से ड्रीम होम तक की दास्तान","https://www.livehindustan.com/business/who-is-dinesh-thakkar-the-man-who-bought-a-rs-711-crore-home-in-mumbai-juhu-journey-from-a-rented-house-to-a-dream-home-201790058991352.html","2026-09-22T06:54:02.000Z","WOULD_PUBLISH","WOULD_PUBLISH","PUBLISH","mumbai","RERA/REGULATORY","YES","Full article supports a positive real-estate/development event with current date, property nexus and routed city.","HIGH","",""
"task42-ref-0251","https://api.livehindustan.com/feeds/rss/business/real-estate/rssfeed.xml","सीमेंट महंगा करने की तैयारी: अक्टूबर में ₹5-20 तक बढ़ सकते दाम, सितंबर में ₹11 तक बढ़े थे","https://www.livehindustan.com/business/cement-set-to-get-costlier-prices-may-rise-by-rs-5-to-20-in-october-had-also-increased-by-rs-11-in-september-201790672571053.html","2026-09-29T09:16:19.000Z","REVIEW","REJECT","REJECT_OFFTOPIC","","OTHER","NO","Evidence does not establish Brokket-suitable positive real-estate coverage.","HIGH","filter 4: not positive target real-estate/project news; filter 5: no allowed city match; filter 17: local quality judge rejected article (no core real-estate/infrastructure topic, score -1)","filter 4: not positive target real-estate/project news; filter 5: no allowed city match; filter 17: local quality judge rejected article (no core real-estate/infrastructure topic, score -1)"
"task42-ref-0252","https://www.vatikacollections.com/public-notice","BROWSE All PROJECTS","https://www.vatikacollections.com/browse-all-projects","","REVIEW","REJECT","REJECT_OFFTOPIC","","LAUNCH/PROJECT","NO","Evidence does not establish Brokket-suitable positive real-estate coverage.","HIGH","filter 4: not positive target real-estate/project news; filter 5: no allowed city match; filter 17: local quality judge rejected article (weak city evidence, score 18)","filter 4: not positive target real-estate/project news; filter 5: no allowed city match; filter 17: local quality judge rejected article (weak city evidence, score 18)"
"task42-ref-0253","https://www.vatikacollections.com/public-notice","GOLF COURSE EXTENSION","https://www.vatikacollections.com/offices/golf-course-extension-road/","","REVIEW","REVIEW","REVIEW","gurugram","RERA/REGULATORY","YES","Full article names multiple markets without a city-scoped title or URL.","HIGH","review: ambiguous multi-city geo evidence","review: ambiguous multi-city geo evidence"
"task42-ref-0254","https://yamunaexpresswayauthority.com","Allotee Online Services (Citizen Portal)","https://yamunaexpresswayauthority.com/citizen-portal-ots-system","","REVIEW","REVIEW","REJECT_INSUFFICIENT","noida","OTHER","YES","Required full-article, date, content or geo evidence is incomplete.","HIGH","review: INSUFFICIENT_ARTICLE_EVIDENCE","review: INSUFFICIENT_ARTICLE_EVIDENCE"
"task42-ref-0255","https://yamunaexpresswayauthority.com","E-Auction Archives","https://yamunaexpresswayauthority.com/e-auction-archives","","REVIEW","REVIEW","REJECT_INSUFFICIENT","noida","OTHER","YES","Required full-article, date, content or geo evidence is incomplete.","HIGH","review: INSUFFICIENT_ARTICLE_EVIDENCE","review: INSUFFICIENT_ARTICLE_EVIDENCE"
"task42-ref-0256","https://yamunaexpresswayauthority.com","Right to Information","https://yamunaexpresswayauthority.com/rti/right-to-information","","REVIEW","REVIEW","REJECT_INSUFFICIENT","noida","LAUNCH/PROJECT","YES","Required full-article, date, content or geo evidence is incomplete.","HIGH","review: INSUFFICIENT_ARTICLE_EVIDENCE","review: INSUFFICIENT_ARTICLE_EVIDENCE"
"task42-ref-0257","https://apiic.in/downloads-tenders/","Board of Directors","https://apiic.in/board-of-directors/","","REVIEW","REJECT","REJECT_INSUFFICIENT","","OTHER","NO","Required full-article, date, content or geo evidence is incomplete.","HIGH","POSITIVE_INFRASTRUCTURE_WITHOUT_SUFFICIENT_REAL_ESTATE_NEXUS; filter 5: no allowed city match; filter 7: outside region in title/description; filter 8: outside-city conflict; filter 17: local quality judge rejected article (weak city evidence, score 14)","POSITIVE_INFRASTRUCTURE_WITHOUT_SUFFICIENT_REAL_ESTATE_NEXUS; filter 5: no allowed city match; filter 7: outside region in title/description; filter 8: outside-city conflict; filter 17: local quality judge rejected article (weak city evidence, score 14)"
"task42-ref-0258","https://apiic.in/downloads-tenders/","Organization Structure","https://apiic.in/organizational-structure/","","REVIEW","REJECT","REJECT_INSUFFICIENT","","OTHER","NO","Required full-article, date, content or geo evidence is incomplete.","HIGH","POSITIVE_INFRASTRUCTURE_WITHOUT_SUFFICIENT_REAL_ESTATE_NEXUS; filter 5: no allowed city match; filter 7: outside region in title/description; filter 8: outside-city conflict; filter 17: local quality judge rejected article (weak city evidence, score 14)","POSITIVE_INFRASTRUCTURE_WITHOUT_SUFFICIENT_REAL_ESTATE_NEXUS; filter 5: no allowed city match; filter 7: outside region in title/description; filter 8: outside-city conflict; filter 17: local quality judge rejected article (weak city evidence, score 14)"
"task42-ref-0259","https://apiic.in/downloads-tenders/","Sexual Harrasment Policy","https://apiic.in/wp-content/uploads/2026/02/Sexual-Harrasment-Policy_APIIC.pdf","","REVIEW","REJECT","REJECT_OFFTOPIC","","OTHER","NO","Evidence does not establish Brokket-suitable positive real-estate coverage.","HIGH","filter 15: direct media/PDF link, not article page; filter 4: not positive target real-estate/project news; filter 5: no allowed city match; filter 17: local quality judge rejected article (no core real-estate/infrastructure topic, score 0)","filter 15: direct media/PDF link, not article page; filter 4: not positive target real-estate/project news; filter 5: no allowed city match; filter 17: local quality judge rejected article (no core real-estate/infrastructure topic, score 0)"
"task42-ref-0260","https://cochinport.gov.in/tenders","Screen Reader Access","https://cochinport.gov.in/screen-reader","","REVIEW","REJECT","REJECT_OFFTOPIC","","OTHER","NO","Evidence does not establish Brokket-suitable positive real-estate coverage.","HIGH","filter 4: not positive target real-estate/project news; filter 5: no allowed city match; filter 17: local quality judge rejected article (weak city evidence, score 10)","filter 4: not positive target real-estate/project news; filter 5: no allowed city match; filter 17: local quality judge rejected article (weak city evidence, score 10)"
"task42-ref-0261","https://cochinport.gov.in/tenders","Skip to Main Content","https://cochinport.gov.in/tenders#main-content","","REVIEW","REJECT","REJECT_OFFTOPIC","","INFRASTRUCTURE","NO","Evidence does not establish Brokket-suitable positive real-estate coverage.","HIGH","filter 4: not positive target real-estate/project news; filter 5: no allowed city match; review: ambiguous multi-city geo evidence; filter 17: local quality judge rejected article (weak city evidence, score 32)","filter 4: not positive target real-estate/project news; filter 5: no allowed city match; review: ambiguous multi-city geo evidence; filter 17: local quality judge rejected article (weak city evidence, score 32)"
"task42-ref-0262","https://cochinport.gov.in/tenders","Skip to Navigation","https://cochinport.gov.in/tenders#primary-navigation","","REVIEW","REJECT","REJECT_OFFTOPIC","","INFRASTRUCTURE","NO","Evidence does not establish Brokket-suitable positive real-estate coverage.","HIGH","filter 4: not positive target real-estate/project news; filter 5: no allowed city match; review: ambiguous multi-city geo evidence; filter 17: local quality judge rejected article (weak city evidence, score 32)","filter 4: not positive target real-estate/project news; filter 5: no allowed city match; review: ambiguous multi-city geo evidence; filter 17: local quality judge rejected article (weak city evidence, score 32)"
"task42-ref-0263","https://crmapp.mcgm.gov.in/irj/portal/anonymous/qlpressrelease","|दिनांक 22-04-2026 पूर्वी नोंदविण्यात आलेल्या तक्रारी","https://crmapp.mcgm.gov.in/irj/portal/anonymous/qlChecklistGSc","2026-04-21T18:30:00.000Z","REVIEW","REJECT","REJECT_OFFTOPIC","","OTHER","NO","Evidence does not establish Brokket-suitable positive real-estate coverage.","HIGH","filter 4: not positive target real-estate/project news; filter 5: no allowed city match; filter 17: local quality judge rejected article (no core real-estate/infrastructure topic, score 0)","filter 4: not positive target real-estate/project news; filter 5: no allowed city match; filter 17: local quality judge rejected article (no core real-estate/infrastructure topic, score 0)"
"task42-ref-0264","https://crmapp.mcgm.gov.in/irj/portal/anonymous/qlpressrelease","कीटक नियंत्रण ‘एच/पश्चिम' विभागात विविध प्रकारची कामे जसे की अळीनाशक फवारणी, धुम्रफवारणी, मक्षिका नियंत्रण, मुषक नियंत्रण इत्यादी प्रकारची कामे दि. ०४/११/२०२६ ते ३१/०५/२०२७ पर्यंत (७ महिने) किंवा कार्यादेश दिल्याच्या दिनांकापासून (सार्वजनिक सुट्ट्या व साप्ताहीक सुट्ट्या वगळून) पुढील १६४ दिवसांकरिता बेरोजगार/ सहकारी सेवा संस्थांकडून स्वयंसेवक उपलब्ध करून घेण्यासाठी वृत्तपत्र व मनपा संकेत स्थळावर जाहिरातीद्वारे अर्ज मागवून सूचना देण्याकरिता.","https://crmapp.mcgm.gov.in/irj/go/km/docs/documents/MCGM%20Department%20List/Public%20Relation%20Officer/Press%20Release/%e0%a4%aa%e0%a4%b0%e0%a4%bf%e0%a4%b6%e0%a4%bf%e0%a4%b7%e0%a5%8d_%e0%a4%a0%20%20%e0%a4%85%20%e0%a4%a4%e0%a5%87%20%e0%a4%ab%20%e0%a4%95%e0%a5%80.%e0%a4%a8%e0%a4%bf.%e0%a4%85.%20%e0%a4%8f%e0%a4%9a%2007%20%e0%a4%ae%e0%a4%b9%e0%a4%bf%e0%a4%a8%e0%a5%8d%e0%a4%af%e0%a4%be123.pdf","2026-10-07T18:30:00.000Z","REVIEW","REJECT","REJECT_OFFTOPIC","","TRANSACTION","NO","Evidence does not establish Brokket-suitable positive real-estate coverage.","HIGH","filter 15: direct media/PDF link, not article page; filter 4: not positive target real-estate/project news; filter 5: no allowed city match; filter 17: local quality judge rejected article (weak city evidence, score 4)","filter 15: direct media/PDF link, not article page; filter 4: not positive target real-estate/project news; filter 5: no allowed city match; filter 17: local quality judge rejected article (weak city evidence, score 4)"
"task42-ref-0265","https://crmapp.mcgm.gov.in/irj/portal/anonymous/qlpressrelease","कीटक नियंत्रण ‘एच/पूर्व' विभागात विविध प्रकारची कामे जसे की अळीनाशक फवारणी, धुम्रफवारणी, मक्षिका नियंत्रण, मुषक नियंत्रण इत्यादी प्रकारची कामे दि. ०४/११/२०२६ ते ३१/०५/२०२७ पर्यंत (७ महिने) किंवा कार्यादेश दिल्याच्या दिनांकापासून (सार्वजनिक सुट्ट्या व साप्ताहीक सुट्ट्या वगळून) पुढील १६४ दिवसांकरिता बेरोजगार/ सहकारी सेवा संस्थांकडून स्वयंसेवक उपलब्ध करून घेण्यासाठी वृत्तपत्र व मनपा संकेत स्थळावर जाहिरातीद्वारे अर्ज मागवून सूचना देण्याकरिता.","https://crmapp.mcgm.gov.in/irj/go/km/docs/documents/MCGM%20Department%20List/Public%20Relation%20Officer/Press%20Release/%e0%a4%aa%e0%a4%b0%e0%a4%bf%e0%a4%b6%e0%a4%bf%e0%a4%b7%e0%a5%8d_%e0%a4%a0%20%20%e0%a4%85%20%e0%a4%a4%e0%a5%87%20%e0%a4%ab%20%e0%a4%95%e0%a5%80.%e0%a4%a8%e0%a4%bf.%e0%a4%85.%20%e0%a4%8f%e0%a4%9a%20%e0%a4%aa%e0%a5%82%e0%a4%b0%e0%a5%8d%e0%a4%b5%2007%20%e0%a4%ae%e0%a4%b9.pdf","2026-10-07T18:30:00.000Z","REVIEW","REJECT","REJECT_OFFTOPIC","","TRANSACTION","NO","Evidence does not establish Brokket-suitable positive real-estate coverage.","HIGH","filter 15: direct media/PDF link, not article page; filter 4: not positive target real-estate/project news; filter 5: no allowed city match; filter 17: local quality judge rejected article (weak city evidence, score 4)","filter 15: direct media/PDF link, not article page; filter 4: not positive target real-estate/project news; filter 5: no allowed city match; filter 17: local quality judge rejected article (weak city evidence, score 4)"
"task42-ref-0266","https://ibbi.gov.in/search/index/press-release","10 thAnnual Day 1st October, 2026","https://ibbi.gov.in/annualday2026/index.php","","REVIEW","REJECT","REJECT_OFFTOPIC","","LEGAL/INSOLVENCY","NO","Evidence does not establish Brokket-suitable positive real-estate coverage.","HIGH","filter 4: not positive target real-estate/project news; filter 5: no allowed city match; filter 17: local quality judge rejected article (no core real-estate/infrastructure topic, score 0)","filter 4: not positive target real-estate/project news; filter 5: no allowed city match; filter 17: local quality judge rejected article (no core real-estate/infrastructure topic, score 0)"
"task42-ref-0267","https://ibbi.gov.in/search/index/press-release","Screen Reader Access","https://ibbi.gov.in/screenreader","2026-09-24T00:00:00.000Z","REVIEW","REJECT","REJECT_NEGATIVE","","LEGAL/INSOLVENCY","NO","Adverse, enforcement, dispute or negative safety signal is present.","HIGH","filter 4: not positive target real-estate/project news; filter 3: negative/crime/utility concern news; filter 5: no allowed city match; filter 17: local quality judge rejected article (no core real-estate/infrastructure topic, score 0)","filter 4: not positive target real-estate/project news; filter 3: negative/crime/utility concern news; filter 5: no allowed city match; filter 17: local quality judge rejected article (no core real-estate/infrastructure topic, score 0)"
"task42-ref-0268","https://ibbi.gov.in/search/index/press-release","Skip to Main Content","https://ibbi.gov.in/search/index/press-release#middle-section","2026-09-24T00:00:00.000Z","REVIEW","REJECT","REJECT_OFFTOPIC","","LEGAL/INSOLVENCY","NO","Evidence does not establish Brokket-suitable positive real-estate coverage.","HIGH","filter 4: not positive target real-estate/project news; filter 5: no allowed city match; filter 17: local quality judge rejected article (weak city evidence, score 4)","filter 4: not positive target real-estate/project news; filter 5: no allowed city match; filter 17: local quality judge rejected article (weak city evidence, score 4)"
"task42-ref-0269","https://residex.nhbonline.org.in/","NHB RESIDEX (with Base Year FY 2012-13)","https://residex.nhbonline.org.in/DashboardBY2013/DashboardBY2013","","REVIEW","REJECT","REJECT_OFFTOPIC","","OTHER","NO","Evidence does not establish Brokket-suitable positive real-estate coverage.","HIGH","filter 4: not positive target real-estate/project news; filter 5: no allowed city match; filter 17: local quality judge rejected article (no core real-estate/infrastructure topic, score 0)","filter 4: not positive target real-estate/project news; filter 5: no allowed city match; filter 17: local quality judge rejected article (no core real-estate/infrastructure topic, score 0)"
"task42-ref-0270","https://residex.nhbonline.org.in/","NHB RESIDEX (with Base Year FY 2017-18)","https://residex.nhbonline.org.in/DashboardBY2018/DashboardBY2018","","REVIEW","REJECT","REJECT_OFFTOPIC","","LAUNCH/PROJECT","NO","Evidence does not establish Brokket-suitable positive real-estate coverage.","HIGH","filter 4: not positive target real-estate/project news; filter 5: no allowed city match; review: ambiguous multi-city geo evidence; filter 17: local quality judge rejected article (no core real-estate/infrastructure topic, score 2)","filter 4: not positive target real-estate/project news; filter 5: no allowed city match; review: ambiguous multi-city geo evidence; filter 17: local quality judge rejected article (no core real-estate/infrastructure topic, score 2)"
"task42-ref-0271","https://residex.nhbonline.org.in/","NHB RESIDEX (with Base Year FY 2024-25)","https://residex.nhbonline.org.in/DashboardBY2024/DashboardBY2024","","REVIEW","REJECT","REJECT_OFFTOPIC","","OTHER","NO","Evidence does not establish Brokket-suitable positive real-estate coverage.","HIGH","filter 4: not positive target real-estate/project news; filter 5: no allowed city match; filter 17: local quality judge rejected article (no core real-estate/infrastructure topic, score 0)","filter 4: not positive target real-estate/project news; filter 5: no allowed city match; filter 17: local quality judge rejected article (no core real-estate/infrastructure topic, score 0)"
"task42-ref-0272","https://shipmin.gov.in/publication/trw-publication","Constitution of internal complaints committee on sexual harassment in MoPSW","https://shipmin.gov.in/content/constitution-internal-complaints-committee-sexual-harassment-mopsw","","REVIEW","REJECT","REJECT_NEGATIVE","","OTHER","NO","Adverse, enforcement, dispute or negative safety signal is present.","HIGH","filter 4: not positive target real-estate/project news; filter 3: negative/crime/utility concern news; filter 5: no allowed city match; filter 17: local quality judge rejected article (no core real-estate/infrastructure topic, score 0)","filter 4: not positive target real-estate/project news; filter 3: negative/crime/utility concern news; filter 5: no allowed city match; filter 17: local quality judge rejected article (no core real-estate/infrastructure topic, score 0)"
"task42-ref-0273","https://shipmin.gov.in/publication/trw-publication","Skip to main content","https://shipmin.gov.in/publication/trw-publication#skipCont","","REVIEW","REJECT","REJECT_OFFTOPIC","","OTHER","NO","Evidence does not establish Brokket-suitable positive real-estate coverage.","HIGH","filter 4: not positive target real-estate/project news; filter 5: no allowed city match; filter 17: local quality judge rejected article (no core real-estate/infrastructure topic, score 0)","filter 4: not positive target real-estate/project news; filter 5: no allowed city match; filter 17: local quality judge rejected article (no core real-estate/infrastructure topic, score 0)"
"task42-ref-0274","https://shipmin.gov.in/publication/trw-publication","Slide loaded पत्तन,पोत परिवहन और जलमार्ग मंत्रालय Ministry of Ports, Shipping and Waterways Government of India","https://shipmin.gov.in/en","","REVIEW","REJECT","REJECT_OFFTOPIC","","OTHER","NO","Evidence does not establish Brokket-suitable positive real-estate coverage.","HIGH","filter 4: not positive target real-estate/project news; filter 5: no allowed city match; filter 17: local quality judge rejected article (no core real-estate/infrastructure topic, score 0)","filter 4: not positive target real-estate/project news; filter 5: no allowed city match; filter 17: local quality judge rejected article (no core real-estate/infrastructure topic, score 0)"
"task42-ref-0275","https://www.assetzproperty.com/investors","Leaves & Lives Phase 1","https://www.assetzproperty.com/leavesandlives/","","REVIEW","REJECT","REJECT_OFFTOPIC","","LEGAL/INSOLVENCY","NO","Evidence does not establish Brokket-suitable positive real-estate coverage.","HIGH","filter 4: not positive target real-estate/project news; filter 5: no allowed city match; filter 7: outside region in title/description; filter 8: outside-city conflict; filter 17: local quality judge rejected article (weak city evidence, score 36)","filter 4: not positive target real-estate/project news; filter 5: no allowed city match; filter 7: outside region in title/description; filter 8: outside-city conflict; filter 17: local quality judge rejected article (weak city evidence, score 36)"
"task42-ref-0276","https://www.assetzproperty.com/investors","Sun & Sanctum Phase 1","https://www.assetzproperty.com/sunandsanctum/","","REVIEW","REJECT","REJECT_OFFTOPIC","","TRANSACTION","NO","Evidence does not establish Brokket-suitable positive real-estate coverage.","HIGH","filter 4: not positive target real-estate/project news; filter 5: no allowed city match; filter 17: local quality judge rejected article (weak city evidence, score 24)","filter 4: not positive target real-estate/project news; filter 5: no allowed city match; filter 17: local quality judge rejected article (weak city evidence, score 24)"
"task42-ref-0277","https://www.casagrand.co.in/investor-relation/","Joint Developments","https://www.casagrand.co.in/joint-developments/","","REVIEW","REJECT","REJECT_OFFTOPIC","","LAUNCH/PROJECT","NO","Evidence does not establish Brokket-suitable positive real-estate coverage.","HIGH","filter 4: not positive target real-estate/project news; filter 5: no allowed city match; review: ambiguous multi-city geo evidence; filter 17: local quality judge rejected article (weak city evidence, score 8)","filter 4: not positive target real-estate/project news; filter 5: no allowed city match; review: ambiguous multi-city geo evidence; filter 17: local quality judge rejected article (weak city evidence, score 8)"
"task42-ref-0278","https://www.casagrand.co.in/investor-relation/","Stamp Duty Calculator","https://www.casagrand.co.in/stamp-duty-calculator/","","REVIEW","REJECT","REJECT_OFFTOPIC","","TRANSACTION","NO","Evidence does not establish Brokket-suitable positive real-estate coverage.","HIGH","filter 4: not positive target real-estate/project news; filter 5: no allowed city match; filter 17: local quality judge rejected article (weak city evidence, score 96)","filter 4: not positive target real-estate/project news; filter 5: no allowed city match; filter 17: local quality judge rejected article (weak city evidence, score 96)"
"task42-ref-0279","https://www.casagrand.co.in/investor-relation/","The Casagrand Standard New","https://casagrand.co.in/standard/","","REVIEW","REJECT","REJECT_OFFTOPIC","","LAUNCH/PROJECT","NO","Evidence does not establish Brokket-suitable positive real-estate coverage.","HIGH","filter 4: not positive target real-estate/project news; filter 5: no allowed city match; review: ambiguous multi-city geo evidence; filter 17: local quality judge rejected article (no core real-estate/infrastructure topic, score 2)","filter 4: not positive target real-estate/project news; filter 5: no allowed city match; review: ambiguous multi-city geo evidence; filter 17: local quality judge rejected article (no core real-estate/infrastructure topic, score 2)"
"task42-ref-0280","https://www.cci.gov.in/combination/orders-section31","Competition Economics","https://www.cci.gov.in/economics-research/market-studies","","REVIEW","REJECT","REJECT_OFFTOPIC","","LAUNCH/PROJECT","NO","Evidence does not establish Brokket-suitable positive real-estate coverage.","HIGH","filter 4: not positive target real-estate/project news; filter 5: no allowed city match; filter 17: local quality judge rejected article (no core real-estate/infrastructure topic, score 2)","filter 4: not positive target real-estate/project news; filter 5: no allowed city match; filter 17: local quality judge rejected article (no core real-estate/infrastructure topic, score 2)"
"task42-ref-0281","https://www.cci.gov.in/combination/orders-section31","Vision and Mission","https://www.cci.gov.in/vision-and-mission","","REVIEW","REJECT","REJECT_OFFTOPIC","","OTHER","NO","Evidence does not establish Brokket-suitable positive real-estate coverage.","HIGH","filter 4: not positive target real-estate/project news; filter 5: no allowed city match; filter 17: local quality judge rejected article (no core real-estate/infrastructure topic, score 0)","filter 4: not positive target real-estate/project news; filter 5: no allowed city match; filter 17: local quality judge rejected article (no core real-estate/infrastructure topic, score 0)"
"task42-ref-0282","https://www.cci.gov.in/combination/orders-section31","भारतीय प्रतिस्पर्धा आयोग","https://www.cci.gov.in/","","REVIEW","REJECT","REJECT_OFFTOPIC","","RERA/REGULATORY","NO","Evidence does not establish Brokket-suitable positive real-estate coverage.","HIGH","filter 4: not positive target real-estate/project news; filter 5: no allowed city match; review: ambiguous multi-city geo evidence; filter 17: local quality judge rejected article (no core real-estate/infrastructure topic, score 0)","filter 4: not positive target real-estate/project news; filter 5: no allowed city match; review: ambiguous multi-city geo evidence; filter 17: local quality judge rejected article (no core real-estate/infrastructure topic, score 0)"
"task42-ref-0283","https://www.cci.gov.in/combination/press-release","Competition Economics","https://www.cci.gov.in/economics-research/market-studies","","REVIEW","REJECT","REJECT_OFFTOPIC","","LAUNCH/PROJECT","NO","Evidence does not establish Brokket-suitable positive real-estate coverage.","HIGH","filter 4: not positive target real-estate/project news; filter 5: no allowed city match; filter 17: local quality judge rejected article (no core real-estate/infrastructure topic, score 2)","filter 4: not positive target real-estate/project news; filter 5: no allowed city match; filter 17: local quality judge rejected article (no core real-estate/infrastructure topic, score 2)"
"task42-ref-0284","https://www.cci.gov.in/combination/press-release","Vision and Mission","https://www.cci.gov.in/vision-and-mission","","REVIEW","REJECT","REJECT_OFFTOPIC","","OTHER","NO","Evidence does not establish Brokket-suitable positive real-estate coverage.","HIGH","filter 4: not positive target real-estate/project news; filter 5: no allowed city match; filter 17: local quality judge rejected article (no core real-estate/infrastructure topic, score 0)","filter 4: not positive target real-estate/project news; filter 5: no allowed city match; filter 17: local quality judge rejected article (no core real-estate/infrastructure topic, score 0)"
"task42-ref-0285","https://www.cci.gov.in/combination/press-release","भारतीय प्रतिस्पर्धा आयोग","https://www.cci.gov.in/","","REVIEW","REJECT","REJECT_OFFTOPIC","","RERA/REGULATORY","NO","Evidence does not establish Brokket-suitable positive real-estate coverage.","HIGH","filter 4: not positive target real-estate/project news; filter 5: no allowed city match; review: ambiguous multi-city geo evidence; filter 17: local quality judge rejected article (no core real-estate/infrastructure topic, score 0)","filter 4: not positive target real-estate/project news; filter 5: no allowed city match; review: ambiguous multi-city geo evidence; filter 17: local quality judge rejected article (no core real-estate/infrastructure topic, score 0)"
"task42-ref-0286","https://www.eldecogroup.com/investor/eldeco-housing-industries-ltd/investor-relations","Eldeco Housing and Industries Ltd.","https://www.eldecogroup.com/investor/eldeco-housing-industries-ltd","","REVIEW","REJECT","REJECT_OFFTOPIC","","OTHER","NO","Evidence does not establish Brokket-suitable positive real-estate coverage.","HIGH","filter 4: not positive target real-estate/project news; review: INSUFFICIENT_ARTICLE_EVIDENCE; filter 5: no allowed city match; filter 17: local quality judge rejected article (weak city evidence, score 14)","filter 4: not positive target real-estate/project news; review: INSUFFICIENT_ARTICLE_EVIDENCE; filter 5: no allowed city match; filter 17: local quality judge rejected article (weak city evidence, score 14)"
"task42-ref-0287","https://www.eldecogroup.com/investor/eldeco-housing-industries-ltd/investor-relations","Eldeco Infrastructure and Properties Ltd.","https://www.eldecogroup.com/investor/eldeco-infrastructure-properties","","REVIEW","REJECT","REJECT_OFFTOPIC","","INVESTMENT/BUSINESS","NO","Evidence does not establish Brokket-suitable positive real-estate coverage.","HIGH","filter 4: not positive target real-estate/project news; review: INSUFFICIENT_ARTICLE_EVIDENCE; filter 5: no allowed city match; filter 17: local quality judge rejected article (weak city evidence, score 22)","filter 4: not positive target real-estate/project news; review: INSUFFICIENT_ARTICLE_EVIDENCE; filter 5: no allowed city match; filter 17: local quality judge rejected article (weak city evidence, score 22)"
"task42-ref-0288","https://www.eldecogroup.com/investor/eldeco-housing-industries-ltd/investor-relations","Pre / Post Purchase FAQ's","https://www.eldecogroup.com/buying-desk/pre-post-purchase-faqs","","REVIEW","REJECT","REJECT_OFFTOPIC","","TRANSACTION","NO","Evidence does not establish Brokket-suitable positive real-estate coverage.","HIGH","filter 4: not positive target real-estate/project news; filter 5: no allowed city match; filter 17: local quality judge rejected article (weak city evidence, score 50)","filter 4: not positive target real-estate/project news; filter 5: no allowed city match; filter 17: local quality judge rejected article (weak city evidence, score 50)"
"task42-ref-0289","https://www.kalpataru.com/investor-corner","02Residential Projects","https://www.kalpataru.com/projects/residential","","REVIEW","REVIEW","REVIEW","hyderabad","LAUNCH/PROJECT","YES","Full article names multiple markets without a city-scoped title or URL.","HIGH","review: ambiguous multi-city geo evidence","review: ambiguous multi-city geo evidence"
"task42-ref-0290","https://www.kalpataru.com/investor-corner","03Commercial Projects","https://www.kalpataru.com/projects/commercial","","REVIEW","REJECT","REVIEW","hyderabad","LAUNCH/PROJECT","YES","Full article names multiple markets without a city-scoped title or URL.","HIGH","filter 7: outside region in title/description; filter 8: outside-city conflict; review: ambiguous multi-city geo evidence","filter 7: outside region in title/description; filter 8: outside-city conflict; review: ambiguous multi-city geo evidence"
"task42-ref-0291","https://www.kalpataru.com/investor-corner","05 Investor Corner","https://www.kalpataru.com/investor-corner","2024-08-13T18:30:00.000Z","REVIEW","REJECT","REJECT_OFFTOPIC","","RERA/REGULATORY","NO","Evidence does not establish Brokket-suitable positive real-estate coverage.","HIGH","filter 4: not positive target real-estate/project news; filter 5: no allowed city match; filter 17: local quality judge rejected article (no core real-estate/infrastructure topic, score 6)","filter 4: not positive target real-estate/project news; filter 5: no allowed city match; filter 17: local quality judge rejected article (no core real-estate/infrastructure topic, score 6)"
"task42-ref-0292","https://www.kalpataru.com/press","02Residential Projects","https://www.kalpataru.com/projects/residential","","REVIEW","REVIEW","REVIEW","hyderabad","LAUNCH/PROJECT","YES","Full article names multiple markets without a city-scoped title or URL.","HIGH","review: ambiguous multi-city geo evidence","review: ambiguous multi-city geo evidence"
"task42-ref-0293","https://www.kalpataru.com/press","03Commercial Projects","https://www.kalpataru.com/projects/commercial","","REVIEW","REJECT","REVIEW","hyderabad","LAUNCH/PROJECT","YES","Full article names multiple markets without a city-scoped title or URL.","HIGH","filter 7: outside region in title/description; filter 8: outside-city conflict; review: ambiguous multi-city geo evidence","filter 7: outside region in title/description; filter 8: outside-city conflict; review: ambiguous multi-city geo evidence"
"task42-ref-0294","https://www.kalpataru.com/press","05 Investor Corner","https://www.kalpataru.com/investor-corner","2024-08-13T18:30:00.000Z","REVIEW","REJECT","REJECT_OFFTOPIC","","RERA/REGULATORY","NO","Evidence does not establish Brokket-suitable positive real-estate coverage.","HIGH","filter 4: not positive target real-estate/project news; filter 5: no allowed city match; filter 17: local quality judge rejected article (no core real-estate/infrastructure topic, score 6)","filter 4: not positive target real-estate/project news; filter 5: no allowed city match; filter 17: local quality judge rejected article (no core real-estate/infrastructure topic, score 6)"
"task42-ref-0295","https://www.nexusselecttrust.com/regulatory-filings","Distribution History","https://www.nexusselecttrust.com/nexus-distrubution-history#Distribution-History","","REVIEW","REJECT","REJECT_OFFTOPIC","","RERA/REGULATORY","NO","Evidence does not establish Brokket-suitable positive real-estate coverage.","HIGH","filter 4: not positive target real-estate/project news; filter 5: no allowed city match; filter 17: local quality judge rejected article (no core real-estate/infrastructure topic, score 0)","filter 4: not positive target real-estate/project news; filter 5: no allowed city match; filter 17: local quality judge rejected article (no core real-estate/infrastructure topic, score 0)"
"task42-ref-0296","https://www.nexusselecttrust.com/regulatory-filings","Investor Relations","https://www.nexusselecttrust.com/investor-relation","","REVIEW","REJECT","REJECT_OFFTOPIC","","TRANSACTION","NO","Evidence does not establish Brokket-suitable positive real-estate coverage.","HIGH","filter 4: not positive target real-estate/project news; filter 5: no allowed city match; filter 17: local quality judge rejected article (weak city evidence, score 12)","filter 4: not positive target real-estate/project news; filter 5: no allowed city match; filter 17: local quality judge rejected article (weak city evidence, score 12)"
"task42-ref-0297","https://www.nexusselecttrust.com/regulatory-filings","Results & Publications","https://www.nexusselecttrust.com/regulatory-filings#","","REVIEW","REJECT","REJECT_NEGATIVE","","RERA/REGULATORY","NO","Adverse, enforcement, dispute or negative safety signal is present.","HIGH","filter 4: not positive target real-estate/project news; filter 3: negative/crime/utility concern news; filter 5: no allowed city match; filter 17: local quality judge rejected article (no core real-estate/infrastructure topic, score 0)","filter 4: not positive target real-estate/project news; filter 3: negative/crime/utility concern news; filter 5: no allowed city match; filter 17: local quality judge rejected article (no core real-estate/infrastructure topic, score 0)"
"task42-ref-0298","https://www.nhb.org.in/en/media-corner/media-press-releases/","National Housing Bank Act, 1987","https://www.nhb.org.in/wp-content/uploads/2024/02/NHB-Act-amended-upto-2023.pdf","1986-12-31T18:30:00.000Z","REVIEW","REJECT","REJECT_OFFTOPIC","","TRANSACTION","NO","Evidence does not establish Brokket-suitable positive real-estate coverage.","HIGH","filter 15: direct media/PDF link, not article page; filter 4: not positive target real-estate/project news; filter 5: no allowed city match; filter 17: local quality judge rejected article (weak city evidence, score 14)","filter 15: direct media/PDF link, not article page; filter 4: not positive target real-estate/project news; filter 5: no allowed city match; filter 17: local quality judge rejected article (weak city evidence, score 14)"
"task42-ref-0299","https://www.panchshil.com/media","PanchshilPanchshil Office Parks Commissions Phase II of Panchshil Business Park at Baner-Balewadi in Western Pune’s...","https://www.panchshil.com/asset/pdfs/media/RBIy4vBJ8MJ5YWuKhzmbROZ4SCMiaF.pdf","","REVIEW","REJECT","REJECT_OFFTOPIC","","LAUNCH/PROJECT","NO","Evidence does not establish Brokket-suitable positive real-estate coverage.","HIGH","filter 15: direct media/PDF link, not article page; filter 2: unsupported language/script; filter 4: not positive target real-estate/project news; filter 5: no allowed city match; filter 7: outside region in title/description; filter 8: outside-city conflict; filter 17: local quality judge rejected article (no core real-estate/infrastructure topic, score 0)","filter 15: direct media/PDF link, not article page; filter 2: unsupported language/script; filter 4: not positive target real-estate/project news; filter 5: no allowed city match; filter 7: outside region in title/description; filter 8: outside-city conflict; filter 17: local quality judge rejected article (no core real-estate/infrastructure topic, score 0)"
"task42-ref-0300","https://www.panchshil.com/media","PanchshilPanchshil Office Parks Honoured with 3 Safety ‘Oscars’21 Jan, 2021Read","https://www.panchshil.com/asset/pdfs/media/panchshil-office-parks-honoured-with-3-safety-oscars.pdf","","REVIEW","REJECT","REJECT_OFFTOPIC","","OTHER","NO","Evidence does not establish Brokket-suitable positive real-estate coverage.","HIGH","filter 15: direct media/PDF link, not article page; filter 2: unsupported language/script; filter 4: not positive target real-estate/project news; filter 5: no allowed city match; filter 17: local quality judge rejected article (no core real-estate/infrastructure topic, score 0)","filter 15: direct media/PDF link, not article page; filter 2: unsupported language/script; filter 4: not positive target real-estate/project news; filter 5: no allowed city match; filter 17: local quality judge rejected article (no core real-estate/infrastructure topic, score 0)"
"task42-ref-0301","https://www.panchshil.com/media","Times of India, PunePanchshil Towers Where Technology Meets Luxury15 Aug, 2017Read","https://www.panchshil.com/asset/pdfs/media/panchshil-towers-where-technology-meets-luxury.pdf","","REVIEW","REJECT","REJECT_OFFTOPIC","","OTHER","NO","Evidence does not establish Brokket-suitable positive real-estate coverage.","HIGH","filter 15: direct media/PDF link, not article page; filter 4: not positive target real-estate/project news; filter 5: no allowed city match; filter 17: local quality judge rejected article (no core real-estate/infrastructure topic, score 0)","filter 15: direct media/PDF link, not article page; filter 4: not positive target real-estate/project news; filter 5: no allowed city match; filter 17: local quality judge rejected article (no core real-estate/infrastructure topic, score 0)"
"task42-ref-0302","https://www.pmrda.gov.in/en/tender-notice/","Accounts & Finance","https://www.pmrda.gov.in/en/accounts-finance/","2025-02-23T11:04:58.000Z","REVIEW","REJECT","REJECT_INSUFFICIENT","","RERA/REGULATORY","YES","Required full-article, date, content or geo evidence is incomplete.","HIGH","filter 5: no allowed city match; filter 7: outside region in title/description; filter 8: outside-city conflict; filter 17: local quality judge rejected article (weak city evidence, score 20)","filter 5: no allowed city match; filter 7: outside region in title/description; filter 8: outside-city conflict; filter 17: local quality judge rejected article (weak city evidence, score 20)"
"task42-ref-0303","https://www.pmrda.gov.in/en/tender-notice/","PUNE METROPOLITAN REGION DEVELOPMENT AUTHORITY GOVERNMENT OF MAHARASHTRA","https://www.pmrda.gov.in/","","REVIEW","REJECT","REJECT_NEGATIVE","","LAUNCH/PROJECT","YES","Adverse, enforcement, dispute or negative safety signal is present.","HIGH","filter 3: negative/crime/utility concern news; filter 5: no allowed city match; filter 7: outside region in title/description; filter 8: outside-city conflict; filter 17: local quality judge rejected article (weak city evidence, score 82)","filter 3: negative/crime/utility concern news; filter 5: no allowed city match; filter 7: outside region in title/description; filter 8: outside-city conflict; filter 17: local quality judge rejected article (weak city evidence, score 82)"
"task42-ref-0304","https://www.pmrda.gov.in/en/tender-notice/","Skip to Main Content","https://www.pmrda.gov.in/en/tender-notice/#main","2025-03-08T10:52:49.000Z","REVIEW","REJECT","REJECT_NEGATIVE","","TRANSACTION","YES","Adverse, enforcement, dispute or negative safety signal is present.","HIGH","filter 3: negative/crime/utility concern news; filter 5: no allowed city match; filter 7: outside region in title/description; filter 8: outside-city conflict; filter 17: local quality judge rejected article (weak city evidence, score 44)","filter 3: negative/crime/utility concern news; filter 5: no allowed city match; filter 7: outside region in title/description; filter 8: outside-city conflict; filter 17: local quality judge rejected article (weak city evidence, score 44)"
"task42-ref-0305","https://www.pppinindia.gov.in/","pppinindia.gov.in public private partnership in india","https://www.pppinindia.gov.in/","","REVIEW","REJECT","REJECT_OFFTOPIC","","LAUNCH/PROJECT","NO","Evidence does not establish Brokket-suitable positive real-estate coverage.","HIGH","filter 4: not positive target real-estate/project news; filter 5: no allowed city match; filter 17: local quality judge rejected article (no core real-estate/infrastructure topic, score 86)","filter 4: not positive target real-estate/project news; filter 5: no allowed city match; filter 17: local quality judge rejected article (no core real-estate/infrastructure topic, score 86)"
"task42-ref-0306","https://www.pppinindia.gov.in/","Public Private Partnership Appraisal Committee","https://www.pppinindia.gov.in/pppac","2005-10-26T18:30:00.000Z","REVIEW","REJECT","REJECT_OFFTOPIC","","LAUNCH/PROJECT","NO","Evidence does not establish Brokket-suitable positive real-estate coverage.","HIGH","filter 4: not positive target real-estate/project news; filter 5: no allowed city match; filter 17: local quality judge rejected article (no core real-estate/infrastructure topic, score 38)","filter 4: not positive target real-estate/project news; filter 5: no allowed city match; filter 17: local quality judge rejected article (no core real-estate/infrastructure topic, score 38)"
"task42-ref-0307","https://www.pppinindia.gov.in/","Viability Gap Funding Scheme","https://www.pppinindia.gov.in/vgfguidelines","2005-07-24T18:30:00.000Z","REVIEW","REJECT","REJECT_OFFTOPIC","","TRANSACTION","NO","Evidence does not establish Brokket-suitable positive real-estate coverage.","HIGH","filter 4: not positive target real-estate/project news; filter 5: no allowed city match; filter 17: local quality judge rejected article (no core real-estate/infrastructure topic, score 46)","filter 4: not positive target real-estate/project news; filter 5: no allowed city match; filter 17: local quality judge rejected article (no core real-estate/infrastructure topic, score 46)"
"task42-ref-0308","https://www.pppinindia.gov.in/goverment_infrastructure_projects_ppp","pppinindia.gov.in public private partnership in india","https://www.pppinindia.gov.in/","","REVIEW","REJECT","REJECT_OFFTOPIC","","LAUNCH/PROJECT","NO","Evidence does not establish Brokket-suitable positive real-estate coverage.","HIGH","filter 4: not positive target real-estate/project news; filter 5: no allowed city match; filter 17: local quality judge rejected article (no core real-estate/infrastructure topic, score 86)","filter 4: not positive target real-estate/project news; filter 5: no allowed city match; filter 17: local quality judge rejected article (no core real-estate/infrastructure topic, score 86)"
"task42-ref-0309","https://www.pppinindia.gov.in/goverment_infrastructure_projects_ppp","Public Private Partnership Appraisal Committee","https://www.pppinindia.gov.in/pppac","2005-10-26T18:30:00.000Z","REVIEW","REJECT","REJECT_OFFTOPIC","","LAUNCH/PROJECT","NO","Evidence does not establish Brokket-suitable positive real-estate coverage.","HIGH","filter 4: not positive target real-estate/project news; filter 5: no allowed city match; filter 17: local quality judge rejected article (no core real-estate/infrastructure topic, score 38)","filter 4: not positive target real-estate/project news; filter 5: no allowed city match; filter 17: local quality judge rejected article (no core real-estate/infrastructure topic, score 38)"
"task42-ref-0310","https://www.pppinindia.gov.in/goverment_infrastructure_projects_ppp","Viability Gap Funding Scheme","https://www.pppinindia.gov.in/vgfguidelines","2005-07-24T18:30:00.000Z","REVIEW","REJECT","REJECT_OFFTOPIC","","TRANSACTION","NO","Evidence does not establish Brokket-suitable positive real-estate coverage.","HIGH","filter 4: not positive target real-estate/project news; filter 5: no allowed city match; filter 17: local quality judge rejected article (no core real-estate/infrastructure topic, score 46)","filter 4: not positive target real-estate/project news; filter 5: no allowed city match; filter 17: local quality judge rejected article (no core real-estate/infrastructure topic, score 46)"
"task42-ref-0311","https://www.pppinindia.gov.in/pppac-statewises/pppac-projects-list_Across-India","pppinindia.gov.in public private partnership in india","https://www.pppinindia.gov.in/","","REVIEW","REJECT","REJECT_OFFTOPIC","","LAUNCH/PROJECT","NO","Evidence does not establish Brokket-suitable positive real-estate coverage.","HIGH","filter 4: not positive target real-estate/project news; filter 5: no allowed city match; filter 17: local quality judge rejected article (no core real-estate/infrastructure topic, score 86)","filter 4: not positive target real-estate/project news; filter 5: no allowed city match; filter 17: local quality judge rejected article (no core real-estate/infrastructure topic, score 86)"
"task42-ref-0312","https://www.pppinindia.gov.in/pppac-statewises/pppac-projects-list_Across-India","Public Private Partnership Appraisal Committee","https://www.pppinindia.gov.in/pppac","2005-10-26T18:30:00.000Z","REVIEW","REJECT","REJECT_OFFTOPIC","","LAUNCH/PROJECT","NO","Evidence does not establish Brokket-suitable positive real-estate coverage.","HIGH","filter 4: not positive target real-estate/project news; filter 5: no allowed city match; filter 17: local quality judge rejected article (no core real-estate/infrastructure topic, score 38)","filter 4: not positive target real-estate/project news; filter 5: no allowed city match; filter 17: local quality judge rejected article (no core real-estate/infrastructure topic, score 38)"
"task42-ref-0313","https://www.pppinindia.gov.in/pppac-statewises/pppac-projects-list_Across-India","Viability Gap Funding Scheme","https://www.pppinindia.gov.in/vgfguidelines","2005-07-24T18:30:00.000Z","REVIEW","REJECT","REJECT_OFFTOPIC","","TRANSACTION","NO","Evidence does not establish Brokket-suitable positive real-estate coverage.","HIGH","filter 4: not positive target real-estate/project news; filter 5: no allowed city match; filter 17: local quality judge rejected article (no core real-estate/infrastructure topic, score 46)","filter 4: not positive target real-estate/project news; filter 5: no allowed city match; filter 17: local quality judge rejected article (no core real-estate/infrastructure topic, score 46)"
"task42-ref-0314","https://www.sebi.gov.in/sebiweb/home/HomeAction.do?doListing=yes&sid=1&ssid=6","Master Circular for Alternative Investment Funds (AIFs)","https://www.sebi.gov.in/legal/master-circulars/jun-2026/master-circular-for-alternative-investment-funds-aifs-_101817.html","2026-09-27T18:30:00.000Z","REVIEW","REJECT","REJECT_NEGATIVE","","INVESTMENT/BUSINESS","NO","Adverse, enforcement, dispute or negative safety signal is present.","HIGH","filter 4: not positive target real-estate/project news; filter 3: negative/crime/utility concern news; filter 5: no allowed city match; filter 17: local quality judge rejected article (weak city evidence, score 10)","filter 4: not positive target real-estate/project news; filter 3: negative/crime/utility concern news; filter 5: no allowed city match; filter 17: local quality judge rejected article (weak city evidence, score 10)"
"task42-ref-0315","https://www.sebi.gov.in/sebiweb/home/HomeAction.do?doListing=yes&sid=1&ssid=6","Master Circular for Debenture Trustees","https://www.sebi.gov.in/legal/master-circulars/sep-2026/master-circular-for-debenture-trustees_104743.html","2026-09-27T18:30:00.000Z","REVIEW","REJECT","REJECT_NEGATIVE","","OTHER","NO","Adverse, enforcement, dispute or negative safety signal is present.","HIGH","filter 4: not positive target real-estate/project news; filter 3: negative/crime/utility concern news; filter 5: no allowed city match; filter 17: local quality judge rejected article (weak city evidence, score 6)","filter 4: not positive target real-estate/project news; filter 3: negative/crime/utility concern news; filter 5: no allowed city match; filter 17: local quality judge rejected article (weak city evidence, score 6)"
"task42-ref-0316","https://www.sebi.gov.in/sebiweb/home/HomeAction.do?doListing=yes&sid=1&ssid=6","Master Circular for Merchant Bankers","https://www.sebi.gov.in/legal/master-circulars/jul-2026/master-circular-for-merchant-bankers_102815.html","2026-09-27T18:30:00.000Z","REVIEW","REJECT","REJECT_NEGATIVE","","OTHER","NO","Adverse, enforcement, dispute or negative safety signal is present.","HIGH","filter 4: not positive target real-estate/project news; filter 3: negative/crime/utility concern news; filter 5: no allowed city match; filter 17: local quality judge rejected article (weak city evidence, score 6)","filter 4: not positive target real-estate/project news; filter 3: negative/crime/utility concern news; filter 5: no allowed city match; filter 17: local quality judge rejected article (weak city evidence, score 6)"
"task42-ref-0317","https://www.suratmunicipal.gov.in/Information/pressreleases","Gujarat (RCPS) Act 2013","https://www.suratmunicipal.gov.in/Information/GujaratRCPSAct/Index","2012-12-31T18:30:00.000Z","REVIEW","REJECT","REJECT_OFFTOPIC","","OTHER","NO","Evidence does not establish Brokket-suitable positive real-estate coverage.","HIGH","filter 4: not positive target real-estate/project news; filter 5: no allowed city match; filter 7: outside region in title/description; filter 8: outside-city conflict; filter 17: local quality judge rejected article (no core real-estate/infrastructure topic, score 0)","filter 4: not positive target real-estate/project news; filter 5: no allowed city match; filter 7: outside region in title/description; filter 8: outside-city conflict; filter 17: local quality judge rejected article (no core real-estate/infrastructure topic, score 0)"
"task42-ref-0318","https://www.suratmunicipal.gov.in/Information/pressreleases","Gujarat Shops and Establishments Act - 2019 (679 KB)","https://www.suratmunicipal.gov.in/Content/Documents/Information/ShopsAndEstablishment/GujaratShopsAndEstablishmentsAct2019.pdf","2018-12-31T18:30:00.000Z","REVIEW","REJECT","REJECT_OFFTOPIC","","TRANSACTION","NO","Evidence does not establish Brokket-suitable positive real-estate coverage.","HIGH","filter 15: direct media/PDF link, not article page; filter 4: not positive target real-estate/project news; filter 5: no allowed city match; filter 7: outside region in title/description; filter 8: outside-city conflict; filter 17: local quality judge rejected article (no core real-estate/infrastructure topic, score 0)","filter 15: direct media/PDF link, not article page; filter 4: not positive target real-estate/project news; filter 5: no allowed city match; filter 7: outside region in title/description; filter 8: outside-city conflict; filter 17: local quality judge rejected article (no core real-estate/infrastructure topic, score 0)"
"task42-ref-0319","https://www.welspunone.com/news-insights/news-articles","Merger WOPL/WOLP DM English Notice","https://www.welspunone.com/img/footer_pdf/Welspun_one_BS.PDF","","REVIEW","REJECT","REJECT_NEGATIVE","","OTHER","NO","Adverse, enforcement, dispute or negative safety signal is present.","HIGH","filter 15: direct media/PDF link, not article page; filter 2: unsupported language/script; filter 4: not positive target real-estate/project news; filter 3: negative/crime/utility concern news; filter 5: no allowed city match; filter 17: local quality judge rejected article (no core real-estate/infrastructure topic, score 0)","filter 15: direct media/PDF link, not article page; filter 2: unsupported language/script; filter 4: not positive target real-estate/project news; filter 3: negative/crime/utility concern news; filter 5: no allowed city match; filter 17: local quality judge rejected article (no core real-estate/infrastructure topic, score 0)"
"task42-ref-0320","https://www.welspunone.com/news-insights/news-articles","SEBI Registration Details","https://www.welspunone.com/img/footer_pdf/SEBI_Registration_Details.pdf","","REVIEW","REJECT","REJECT_OFFTOPIC","","OTHER","NO","Evidence does not establish Brokket-suitable positive real-estate coverage.","HIGH","filter 15: direct media/PDF link, not article page; filter 2: unsupported language/script; filter 4: not positive target real-estate/project news; filter 5: no allowed city match; filter 17: local quality judge rejected article (no core real-estate/infrastructure topic, score 0)","filter 15: direct media/PDF link, not article page; filter 2: unsupported language/script; filter 4: not positive target real-estate/project news; filter 5: no allowed city match; filter 17: local quality judge rejected article (no core real-estate/infrastructure topic, score 0)"
"task42-ref-0321","https://www.welspunone.com/news-insights/news-articles","Skip to main content","https://www.welspunone.com/news-insights/news-articles#main-content","","REVIEW","REJECT","REJECT_NEGATIVE","","TRANSACTION","NO","Adverse, enforcement, dispute or negative safety signal is present.","HIGH","filter 4: not positive target real-estate/project news; filter 3: negative/crime/utility concern news; filter 5: no allowed city match; filter 17: local quality judge rejected article (weak city evidence, score 14)","filter 4: not positive target real-estate/project news; filter 3: negative/crime/utility concern news; filter 5: no allowed city match; filter 17: local quality judge rejected article (weak city evidence, score 14)"
"task42-ref-0322","https://www.welspunone.com/news-insights/press-release","Merger WOPL/WOLP DM English Notice","https://www.welspunone.com/img/footer_pdf/Welspun_one_BS.PDF","","REVIEW","REJECT","REJECT_NEGATIVE","","OTHER","NO","Adverse, enforcement, dispute or negative safety signal is present.","HIGH","filter 15: direct media/PDF link, not article page; filter 2: unsupported language/script; filter 4: not positive target real-estate/project news; filter 3: negative/crime/utility concern news; filter 5: no allowed city match; filter 17: local quality judge rejected article (no core real-estate/infrastructure topic, score 0)","filter 15: direct media/PDF link, not article page; filter 2: unsupported language/script; filter 4: not positive target real-estate/project news; filter 3: negative/crime/utility concern news; filter 5: no allowed city match; filter 17: local quality judge rejected article (no core real-estate/infrastructure topic, score 0)"
"task42-ref-0323","https://www.welspunone.com/news-insights/press-release","SEBI Registration Details","https://www.welspunone.com/img/footer_pdf/SEBI_Registration_Details.pdf","","REVIEW","REJECT","REJECT_OFFTOPIC","","OTHER","NO","Evidence does not establish Brokket-suitable positive real-estate coverage.","HIGH","filter 15: direct media/PDF link, not article page; filter 2: unsupported language/script; filter 4: not positive target real-estate/project news; filter 5: no allowed city match; filter 17: local quality judge rejected article (no core real-estate/infrastructure topic, score 0)","filter 15: direct media/PDF link, not article page; filter 2: unsupported language/script; filter 4: not positive target real-estate/project news; filter 5: no allowed city match; filter 17: local quality judge rejected article (no core real-estate/infrastructure topic, score 0)"
"task42-ref-0324","https://www.welspunone.com/news-insights/press-release","Skip to main content","https://www.welspunone.com/news-insights/press-release#main-content","","REVIEW","REJECT","REJECT_NEGATIVE","","TRANSACTION","NO","Adverse, enforcement, dispute or negative safety signal is present.","HIGH","filter 4: not positive target real-estate/project news; filter 3: negative/crime/utility concern news; filter 5: no allowed city match; filter 17: local quality judge rejected article (weak city evidence, score 14)","filter 4: not positive target real-estate/project news; filter 3: negative/crime/utility concern news; filter 5: no allowed city match; filter 17: local quality judge rejected article (weak city evidence, score 14)"
"task42-ref-0325","https://www.yamunaexpresswayauthority.com/hi/tender/tender-archives","अधिनियम एवं विनियम","https://www.yamunaexpresswayauthority.com/hi/tender/tender-archives#","2022-10-14T18:30:00.000Z","REVIEW","REVIEW","REJECT_INSUFFICIENT","noida","OTHER","YES","Required full-article, date, content or geo evidence is incomplete.","HIGH","review: INSUFFICIENT_ARTICLE_EVIDENCE","review: INSUFFICIENT_ARTICLE_EVIDENCE"
"task42-ref-0326","https://www.yamunaexpresswayauthority.com/hi/tender/tender-archives","आरटीआई दिशानिर्देश","https://www.yamunaexpresswayauthority.com/hi/rti/rti-guidelines","","REVIEW","REVIEW","REJECT_INSUFFICIENT","noida","OTHER","YES","Required full-article, date, content or geo evidence is incomplete.","HIGH","review: INSUFFICIENT_ARTICLE_EVIDENCE","review: INSUFFICIENT_ARTICLE_EVIDENCE"
"task42-ref-0327","https://www.yamunaexpresswayauthority.com/hi/tender/tender-archives","आवंटी ऑनलाइन सेवाएँ (नागरिक पोर्टल)","https://www.yamunaexpresswayauthority.com/hi/citizen-portal-ots-system","","REVIEW","REVIEW","REJECT_INSUFFICIENT","noida","OTHER","YES","Required full-article, date, content or geo evidence is incomplete.","HIGH","review: INSUFFICIENT_ARTICLE_EVIDENCE","review: INSUFFICIENT_ARTICLE_EVIDENCE"
"task42-ref-0328","https://propnewstime.com/sub-category/location/Faridabad","Builders & Projects","https://propnewstime.com/sub-category/link/Builders-&-Projects","","REVIEW","REJECT","REJECT_NEGATIVE","","LAUNCH/PROJECT","NO","Adverse, enforcement, dispute or negative safety signal is present.","HIGH","filter 4: not positive target real-estate/project news; filter 3: negative/crime/utility concern news; filter 5: no allowed city match; review: ambiguous multi-city geo evidence; filter 17: local quality judge rejected article (weak city evidence, score 110)","filter 4: not positive target real-estate/project news; filter 3: negative/crime/utility concern news; filter 5: no allowed city match; review: ambiguous multi-city geo evidence; filter 17: local quality judge rejected article (weak city evidence, score 110)"
"task42-ref-0329","https://propnewstime.com/sub-category/location/Faridabad","Infrastructure News","https://propnewstime.com/sub-category/link/Infrastructure-News","","REVIEW","REJECT","REJECT_OFFTOPIC","","LAUNCH/PROJECT","NO","Evidence does not establish Brokket-suitable positive real-estate coverage.","HIGH","filter 4: not positive target real-estate/project news; filter 5: no allowed city match; review: ambiguous multi-city geo evidence; filter 17: local quality judge rejected article (weak city evidence, score 78)","filter 4: not positive target real-estate/project news; filter 5: no allowed city match; review: ambiguous multi-city geo evidence; filter 17: local quality judge rejected article (weak city evidence, score 78)"
"task42-ref-0330","https://propnewstime.com/sub-category/location/Faridabad","Taxation & Finance News","https://propnewstime.com/sub-category/link/Taxation-&-Finance-News","","REVIEW","REJECT","REJECT_OFFTOPIC","","TRANSACTION","NO","Evidence does not establish Brokket-suitable positive real-estate coverage.","HIGH","filter 4: not positive target real-estate/project news; filter 5: no allowed city match; review: ambiguous multi-city geo evidence; filter 17: local quality judge rejected article (weak city evidence, score 45)","filter 4: not positive target real-estate/project news; filter 5: no allowed city match; review: ambiguous multi-city geo evidence; filter 17: local quality judge rejected article (weak city evidence, score 45)"
"task42-ref-0331","https://hilifebuilders.in/feed","A Home That Grows With You: Planning for Life Beyond Today","https://hilifebuilders.in/future-ready-homes-thrissur/","2026-10-02T05:01:31.000Z","REVIEW","REJECT","REJECT_OFFTOPIC","","TRANSACTION","NO","Evidence does not establish Brokket-suitable positive real-estate coverage.","HIGH","filter 4: not positive target real-estate/project news; filter 1: spam/menu page; filter 5: no allowed city match; filter 17: local quality judge rejected article (weak city evidence, score 22)","filter 4: not positive target real-estate/project news; filter 1: spam/menu page; filter 5: no allowed city match; filter 17: local quality judge rejected article (weak city evidence, score 22)"
"task42-ref-0332","https://hilifebuilders.in/feed","How Your Home Layout Can Shape Your Everyday Routine","https://hilifebuilders.in/home-layout-everyday-routine-thrissur/","2026-10-02T05:03:09.000Z","REVIEW","REJECT","REJECT_NEGATIVE","","OTHER","NO","Adverse, enforcement, dispute or negative safety signal is present.","HIGH","filter 4: not positive target real-estate/project news; filter 5: no allowed city match; filter 17: local quality judge rejected article (negative/local topic outweighs project signal, score -2)","filter 4: not positive target real-estate/project news; filter 5: no allowed city match; filter 17: local quality judge rejected article (negative/local topic outweighs project signal, score -2)"
"task42-ref-0333","https://hilifebuilders.in/feed","Why Location Still Matters Even When You Work Remotely","https://hilifebuilders.in/location-matters-remote-workers-thrissur/","2026-10-02T05:01:50.000Z","REVIEW","REJECT","REJECT_OFFTOPIC","","INFRASTRUCTURE","NO","Evidence does not establish Brokket-suitable positive real-estate coverage.","HIGH","filter 4: not positive target real-estate/project news; filter 5: no allowed city match; filter 17: local quality judge rejected article (weak city evidence, score 17)","filter 4: not positive target real-estate/project news; filter 5: no allowed city match; filter 17: local quality judge rejected article (weak city evidence, score 17)"
"task42-ref-0334","https://proppuls.in/","Flat possession delayed: MahaRERA orders inte...","https://proppuls.in/maharera-wagholi-delayed-possession-interest-homebuyer","2026-10-03T11:15:39.000Z","REVIEW","REJECT","REJECT_NEGATIVE","","RERA/REGULATORY","YES","Adverse, enforcement, dispute or negative safety signal is present.","HIGH","filter 3: negative/crime/utility concern news; filter 5: no allowed city match; filter 7: outside region in title/description; filter 8: outside-city conflict; filter 17: local quality judge rejected article (weak city evidence, score 90)","filter 3: negative/crime/utility concern news; filter 5: no allowed city match; filter 7: outside region in title/description; filter 8: outside-city conflict; filter 17: local quality judge rejected article (weak city evidence, score 90)"
"task42-ref-0335","https://proppuls.in/","Stricter rules for layout registration in TN","https://proppuls.in/tnrera-tightens-plot-project-checks-fund-utilisation","2026-10-03T10:34:51.000Z","REVIEW","REJECT","REJECT_INSUFFICIENT","","RERA/REGULATORY","YES","Required full-article, date, content or geo evidence is incomplete.","HIGH","filter 5: no allowed city match; filter 7: outside region in title/description; filter 8: outside-city conflict; filter 17: local quality judge rejected article (weak city evidence, score 88)","filter 5: no allowed city match; filter 7: outside region in title/description; filter 8: outside-city conflict; filter 17: local quality judge rejected article (weak city evidence, score 88)"
"task42-ref-0336","https://www.jll.co.in/en/newsroom","Find media contactsarrow_forward","https://www.jll.co.in/en-in/newsroom#mediacontacts","","REVIEW","REJECT","REJECT_OFFTOPIC","","OTHER","NO","Evidence does not establish Brokket-suitable positive real-estate coverage.","HIGH","filter 4: not positive target real-estate/project news; filter 5: no allowed city match; filter 17: local quality judge rejected article (weak city evidence, score 8)","filter 4: not positive target real-estate/project news; filter 5: no allowed city match; filter 17: local quality judge rejected article (weak city evidence, score 8)"
"task42-ref-0337","https://www.jll.co.in/en/newsroom","Skip to main content","https://www.jll.co.in/en/newsroom#main","","REVIEW","REJECT","REJECT_OFFTOPIC","","OTHER","NO","Evidence does not establish Brokket-suitable positive real-estate coverage.","HIGH","filter 4: not positive target real-estate/project news; filter 5: no allowed city match; filter 17: local quality judge rejected article (weak city evidence, score 14)","filter 4: not positive target real-estate/project news; filter 5: no allowed city match; filter 17: local quality judge rejected article (weak city evidence, score 14)"
"task42-ref-0338","https://www.jll.co.in/en/newsroom","Sustainability solutions","https://www.jll.co.in/en-in/services/sustainability","","REVIEW","REJECT","REJECT_OFFTOPIC","","OTHER","NO","Evidence does not establish Brokket-suitable positive real-estate coverage.","HIGH","filter 4: not positive target real-estate/project news; filter 5: no allowed city match; filter 17: local quality judge rejected article (weak city evidence, score 8)","filter 4: not positive target real-estate/project news; filter 5: no allowed city match; filter 17: local quality judge rejected article (weak city evidence, score 8)"
"task42-ref-0339","https://savemax.in/blogs/feed","Haryana Property Transfer to Family: What the 2026 Stamp Duty Clarification Means","https://savemax.in/blogs/haryana-property-transfer-stamp-duty-waiver/","2026-08-24T07:26:37.000Z","REVIEW","REJECT","REJECT_OFFTOPIC","","TRANSACTION","NO","Evidence does not establish Brokket-suitable positive real-estate coverage.","HIGH","filter 4: not positive target real-estate/project news; filter 5: no allowed city match; filter 17: local quality judge rejected article (weak city evidence, score 46)","filter 4: not positive target real-estate/project news; filter 5: no allowed city match; filter 17: local quality judge rejected article (weak city evidence, score 46)"
"task42-ref-0340","https://tv9gujarati.com/topic/real-estate","Breaking News : ઘર ખરીદતા પહેલાં આ ભૂલો કરશો, તો જીવનભરનો પસ્તાવો!","https://tv9gujarati.com/lifestyle/breaking-news-check-these-documents-before-buying-house-property-tips-and-tricks-1413353.html","2026-03-18T03:48:19.000Z","REVIEW","REJECT","REJECT_OFFTOPIC","","OTHER","NO","Evidence does not establish Brokket-suitable positive real-estate coverage.","HIGH","filter 4: not positive target real-estate/project news; filter 5: no allowed city match; filter 17: local quality judge rejected article (weak city evidence, score 6)","filter 4: not positive target real-estate/project news; filter 5: no allowed city match; filter 17: local quality judge rejected article (weak city evidence, score 6)"
"task42-ref-0341","https://tv9gujarati.com/topic/real-estate","Breaking News: અમદાવાદમાં 1 જુલાઈથી મકાનો મોંઘા થશે, આખરે અચાનક કેમ ભાવ વધારો કરવો પડ્યો?","https://tv9gujarati.com/gujarat/buying-a-house-in-ahmedabad-to-get-costlier-from-july-1-major-real-estate-change-watch-video-1466787.html","2026-06-17T12:05:21.000Z","REVIEW","REJECT","REJECT_OFFTOPIC","","OTHER","NO","Evidence does not establish Brokket-suitable positive real-estate coverage.","HIGH","filter 4: not positive target real-estate/project news; filter 5: no allowed city match; filter 8: outside-city conflict; filter 17: local quality judge rejected article (no core real-estate/infrastructure topic, score 6)","filter 4: not positive target real-estate/project news; filter 5: no allowed city match; filter 8: outside-city conflict; filter 17: local quality judge rejected article (no core real-estate/infrastructure topic, score 6)"
"task42-ref-0342","https://vijaykarnataka.com/real-estate/articlelist/133644218.cms","Buying Farmland: ಕೃಷಿ ಭೂಮಿಯನ್ನು ಖರೀದಿಸುವಾಗ ಗಮನಿಸಬೇಕಾದ ಮಹತ್ವದ ವಿಷಯಗಳು","https://vijaykarnataka.com/real-estate/things-to-consider-before-buying-agricultural-land-in-karnataka/articleshow/134654427.cms","","REVIEW","REJECT","REJECT_OFFTOPIC","","OTHER","NO","Evidence does not establish Brokket-suitable positive real-estate coverage.","HIGH","filter 4: not positive target real-estate/project news; filter 5: no allowed city match; filter 17: local quality judge rejected article (no core real-estate/infrastructure topic, score 4)","filter 4: not positive target real-estate/project news; filter 5: no allowed city match; filter 17: local quality judge rejected article (no core real-estate/infrastructure topic, score 4)"
"task42-ref-0343","https://vijaykarnataka.com/real-estate/articlelist/133644218.cms","Parking Space: ಫ್ಲ್ಯಾಟ್ ಖರೀದಿಸುವಾಗ ಪಾರ್ಕಿಂಗ್ ಸ್ಥಳದ ಬಗ್ಗೆ ಪರಿಶೀಲಿಸುವುದು ಎಷ್ಟು ಮುಖ್ಯ?","https://vijaykarnataka.com/real-estate/parking-space-checklist-before-buying-a-flat-in-karnataka/articleshow/134617277.cms","","REVIEW","REJECT","REJECT_OFFTOPIC","","OTHER","NO","Evidence does not establish Brokket-suitable positive real-estate coverage.","HIGH","filter 4: not positive target real-estate/project news; filter 5: no allowed city match; filter 17: local quality judge rejected article (no core real-estate/infrastructure topic, score 2)","filter 4: not positive target real-estate/project news; filter 5: no allowed city match; filter 17: local quality judge rejected article (no core real-estate/infrastructure topic, score 2)"
"task42-ref-0344","https://vijaykarnataka.com/real-estate/articlelist/133644218.cms","Property Frauds: ಆಸ್ತಿ ವಂಚನೆಗಳಿಂದ ರಕ್ಷಿಸಿಕೊಳ್ಳಲು ಪ್ರಾಕ್ಟಿಕಲ್ ಟಿಪ್ಸ್, ಅಗತ್ಯ ಪರಿಶೀಲನೆಗಳು","https://vijaykarnataka.com/real-estate/property-fraud-protection-tips-verification/articleshow/134656473.cms","","REVIEW","REJECT","REJECT_NEGATIVE","","OTHER","NO","Adverse, enforcement, dispute or negative safety signal is present.","HIGH","filter 4: not positive target real-estate/project news; filter 3: negative/crime/utility concern news; filter 5: no allowed city match; filter 17: local quality judge rejected article (weak city evidence, score 18)","filter 4: not positive target real-estate/project news; filter 3: negative/crime/utility concern news; filter 5: no allowed city match; filter 17: local quality judge rejected article (weak city evidence, score 18)"
"task42-ref-0345","https://www.telanganatribune.com/category/realestate/","TV 5 Telugu News Live","https://www.telanganatribune.com/tv-5-live/","2021-07-21T14:22:21.000Z","REVIEW","REJECT","REJECT_OFFTOPIC","","INFRASTRUCTURE","NO","Evidence does not establish Brokket-suitable positive real-estate coverage.","HIGH","filter 4: not positive target real-estate/project news; filter 5: no allowed city match; filter 17: local quality judge rejected article (no core real-estate/infrastructure topic, score 0)","filter 4: not positive target real-estate/project news; filter 5: no allowed city match; filter 17: local quality judge rejected article (no core real-estate/infrastructure topic, score 0)"
"task42-ref-0346","https://www.telanganatribune.com/category/realestate/","TV9 Telugu News Live","https://www.telanganatribune.com/tv9-telugu-live/","2021-07-21T14:27:31.000Z","REVIEW","REJECT","REJECT_OFFTOPIC","","OTHER","NO","Evidence does not establish Brokket-suitable positive real-estate coverage.","HIGH","filter 4: not positive target real-estate/project news; filter 5: no allowed city match; filter 17: local quality judge rejected article (no core real-estate/infrastructure topic, score 0)","filter 4: not positive target real-estate/project news; filter 5: no allowed city match; filter 17: local quality judge rejected article (no core real-estate/infrastructure topic, score 0)"
"task42-ref-0347","https://www.telanganatribune.com/category/realestate/","V6 News Telugu Live","https://www.telanganatribune.com/v6-news-telugu-live/","2021-07-21T14:31:15.000Z","REVIEW","REJECT","REJECT_OFFTOPIC","","OTHER","NO","Evidence does not establish Brokket-suitable positive real-estate coverage.","HIGH","filter 4: not positive target real-estate/project news; filter 5: no allowed city match; filter 8: outside-city conflict; filter 17: local quality judge rejected article (no core real-estate/infrastructure topic, score 0)","filter 4: not positive target real-estate/project news; filter 5: no allowed city match; filter 8: outside-city conflict; filter 17: local quality judge rejected article (no core real-estate/infrastructure topic, score 0)"
